"registry_entry_key","registry_pharmacy_name","registry_district","registry_area","directory_pharmacy_name","directory_area","e164","source_url","source_reference","name_score","match_confidence","runner_up_confidence","district_match","sector_match","review_reason"
"retail-2026-05-404","AROME PHARMACY Ltd","MUHANGA","NYAMABUYE GAHOGO","AROME PHARMACY LTD","Muhanga - Nyamabuye","250788296204","https://www.mmi.gov.rw/partners/pharmacies","MMI pharmacy partner directory page 1","1.000","1.000","0.180","true","true","exact_or_high_name_and_locality"
"retail-2026-05-407","AVIEL PHARMACY Ltd","KICUKIRO","KANOMBE KABEZA","AVIEL PHARMACY LTD","Kicukiro - Kanombe","250786540360","https://www.mmi.gov.rw/partners/pharmacies","MMI pharmacy partner directory page 1","1.000","1.000","0.180","true","true","exact_or_high_name_and_locality"
"retail-2026-05-537","AXIS PHARMACY Ltd","KICUKIRO","KANOMBE KABEZA","AXIS PHARMACY","Kicukiro - Kanombe","250788485495","https://www.mmi.gov.rw/partners/pharmacies","MMI pharmacy partner directory page 1","1.000","1.000","0.180","true","true","exact_or_high_name_and_locality"
"retail-2026-05-706","BGK PHARMACY Ltd","MUSANZE","MUHOZA KIGOMBE","BGK Pharmacy","Musanze - Muhoza","250788302354","https://www.mmi.gov.rw/partners/pharmacies","MMI pharmacy partner directory page 1","1.000","1.000","0.180","true","true","exact_or_high_name_and_locality"
"retail-2026-05-66","BLESSING PHARMACY LTD","MUHANGA","NYAMABUYE GAHOGO","BLESSING PHARMACY LTD","Muhanga - Nyamabuye","250788283205","https://www.mmi.gov.rw/partners/pharmacies","MMI pharmacy partner directory page 1","1.000","1.000","0.390","true","true","exact_or_high_name_and_locality"
"retail-2026-05-251","BONITAS DEI PHARMACY Ltd","GASABO","KINYINYA KAGUGU","BONITAS DEI PHARMACY","Gasabo - Kanyinya","250788669080","https://www.mmi.gov.rw/partners/pharmacies","MMI pharmacy partner directory page 1","1.000","0.940","0.510","true","false","exact_or_high_name_and_locality"
"retail-2026-05-393","BOVAN LTD","NYARUGENGE","MUHIMA NYABUGOGO","BOVAN PHARMACY","Nyarugenge - Muhima","250788966865","https://www.mmi.gov.rw/partners/pharmacies","MMI pharmacy partner directory page 1","1.000","1.000","0.180","true","true","exact_or_high_name_and_locality"
"retail-2026-05-730","CARITATE PHARMACY Limited","GICUMBI","BYUMBA GISUNA","CARITATE PHARMACY","Gicumbi - Byumba","250780292045","https://www.mmi.gov.rw/partners/pharmacies?tx_news_pi1%5Bcontroller%5D=News&tx_news_pi1%5BcurrentPage%5D=2&cHash=cb3ba28d85d6688fc9af769dc2d131cf","MMI pharmacy partner directory page 2","1.000","1.000","0.180","true","true","exact_or_high_name_and_locality"
"retail-2026-05-364","PHARMACIE CELIA LTD","KAYONZA","KABARONDO CYATWA","CELIA PHARMACY","Kayonza - Kabarondo","250788831809","https://www.mmi.gov.rw/partners/pharmacies?tx_news_pi1%5Bcontroller%5D=News&tx_news_pi1%5BcurrentPage%5D=2&cHash=cb3ba28d85d6688fc9af769dc2d131cf","MMI pharmacy partner directory page 2","1.000","1.000","0.180","true","true","exact_or_high_name_and_locality"
"retail-2026-05-336","DELIGHT PHARMACY Ltd","GASABO","REMERA RUKIRI I","DELIGHT","Gasabo - Remera","250788596421","https://www.mmi.gov.rw/partners/pharmacies?tx_news_pi1%5Bcontroller%5D=News&tx_news_pi1%5BcurrentPage%5D=2&cHash=cb3ba28d85d6688fc9af769dc2d131cf","MMI pharmacy partner directory page 2","1.000","1.000","0.180","true","true","exact_or_high_name_and_locality"
"retail-2026-05-498","DELIZA PHARMACY Ltd","NYARUGENGE","NYAKABANDA MUNANIRA I","DELIZA PHARMACY Ltd","Nyarugenge - Nyakabanda","250783263952","https://www.mmi.gov.rw/partners/pharmacies?tx_news_pi1%5Bcontroller%5D=News&tx_news_pi1%5BcurrentPage%5D=2&cHash=cb3ba28d85d6688fc9af769dc2d131cf","MMI pharmacy partner directory page 2","1.000","1.000","0.180","true","true","exact_or_high_name_and_locality"
"retail-2026-05-358","DESTINY PHARMACY Ltd","MUSANZE","MUHOZA MUHOZA","DESTINY PHARMACY LTD","Musanze - Muhoza","250783380902","https://www.mmi.gov.rw/partners/pharmacies?tx_news_pi1%5Bcontroller%5D=News&tx_news_pi1%5BcurrentPage%5D=2&cHash=cb3ba28d85d6688fc9af769dc2d131cf","MMI pharmacy partner directory page 2","1.000","1.000","0.180","true","true","exact_or_high_name_and_locality"
"retail-2026-05-589","EL JEE PHARMACY Ltd","RUBAVU","KANAMA MAHOKO","EL JEE PHARMACY","Rubavu - Kanama","250788799311","https://www.mmi.gov.rw/partners/pharmacies?tx_news_pi1%5Bcontroller%5D=News&tx_news_pi1%5BcurrentPage%5D=2&cHash=cb3ba28d85d6688fc9af769dc2d131cf","MMI pharmacy partner directory page 2","1.000","1.000","0.390","true","true","exact_or_high_name_and_locality"
"retail-2026-05-638","ELIOT PHARMACY Ltd","NYAGATARE","NYAGATARE NYAGATARE","ELIOT PHARMACY LTD","Nyagatare - Nyagatare","250784027856","https://www.mmi.gov.rw/partners/pharmacies?tx_news_pi1%5Bcontroller%5D=News&tx_news_pi1%5BcurrentPage%5D=3&cHash=da7283f6cd729a97e89c591c94e310fc","MMI pharmacy partner directory page 3","1.000","1.000","0.180","true","true","exact_or_high_name_and_locality"
"retail-2026-05-287","ELLIO PHARMACY LTD","BUGESERA","NYAMATA NYAMATA","ELLIO PHARMA","Bugesera - Nyamata","250788432912","https://www.mmi.gov.rw/partners/pharmacies?tx_news_pi1%5Bcontroller%5D=News&tx_news_pi1%5BcurrentPage%5D=3&cHash=da7283f6cd729a97e89c591c94e310fc","MMI pharmacy partner directory page 3","1.000","1.000","0.180","true","true","exact_or_high_name_and_locality"
"retail-2026-05-221","EMMA SANITAS PHARMACY LTD","BUGESERA","NYAMATA NYAMATA","EMMA SANITAS PHARMACY LTD","Bugesera - Nyamata","250788672252","https://www.mmi.gov.rw/partners/pharmacies?tx_news_pi1%5Bcontroller%5D=News&tx_news_pi1%5BcurrentPage%5D=3&cHash=da7283f6cd729a97e89c591c94e310fc","MMI pharmacy partner directory page 3","1.000","1.000","0.180","true","true","exact_or_high_name_and_locality"
"retail-2026-05-146","EXTREME PHARMACY Ltd","KICUKIRO","KICUKIRO KICUKIRO","EXTREME PHARMACY LTD","Kicukiro - Kicukiro","250783419586","https://www.mmi.gov.rw/partners/pharmacies?tx_news_pi1%5Bcontroller%5D=News&tx_news_pi1%5BcurrentPage%5D=3&cHash=da7283f6cd729a97e89c591c94e310fc","MMI pharmacy partner directory page 3","1.000","1.000","0.180","true","true","exact_or_high_name_and_locality"
"retail-2026-05-382","PHARMACIE FIDELE Ltd","NYARUGENGE","NYARUGENGE KIYOVU","FIDELE PHARMACY","Nyarugenge - Nyarugenge","250788381040","https://www.mmi.gov.rw/partners/pharmacies?tx_news_pi1%5Bcontroller%5D=News&tx_news_pi1%5BcurrentPage%5D=3&cHash=da7283f6cd729a97e89c591c94e310fc","MMI pharmacy partner directory page 3","1.000","1.000","0.312","true","true","exact_or_high_name_and_locality"
"retail-2026-05-551","FIDELITY PHARMACY Ltd","NYAMAGABE","GASAKA NYAMUGALI","FIDELITY PHARMACY LTD","Nyamagabe - Gasaka","250788412466","https://www.mmi.gov.rw/partners/pharmacies?tx_news_pi1%5Bcontroller%5D=News&tx_news_pi1%5BcurrentPage%5D=3&cHash=da7283f6cd729a97e89c591c94e310fc","MMI pharmacy partner directory page 3","1.000","1.000","0.180","true","true","exact_or_high_name_and_locality"
"retail-2026-05-390","GRATIS PHARMACY Ltd","KAYONZA","MUKARANGE KAYONZA","GRATIS PHARMACY LTD","Kayonza - Mukarange","250784489941","https://www.mmi.gov.rw/partners/pharmacies?tx_news_pi1%5Bcontroller%5D=News&tx_news_pi1%5BcurrentPage%5D=3&cHash=da7283f6cd729a97e89c591c94e310fc","MMI pharmacy partner directory page 3","1.000","1.000","0.180","true","true","exact_or_high_name_and_locality"
"retail-2026-05-538","HELPHARM PHARMACY Ltd","MUHANGA","CYEZA MAKERA","HELPHARM PHARMACY LTD","Muhanga - Cyeza","250788284706","https://www.mmi.gov.rw/partners/pharmacies?tx_news_pi1%5Bcontroller%5D=News&tx_news_pi1%5BcurrentPage%5D=3&cHash=da7283f6cd729a97e89c591c94e310fc","MMI pharmacy partner directory page 3","1.000","1.000","0.180","true","true","exact_or_high_name_and_locality"
"retail-2026-05-664","HIGH MAGNIFICAT PHARMACY Ltd","MUSANZE","MUHOZA MPENGE","HIGH MAGNIFICAT PHARMACY","Musanze - Muhoza","250788565308","https://www.mmi.gov.rw/partners/pharmacies?tx_news_pi1%5Bcontroller%5D=News&tx_news_pi1%5BcurrentPage%5D=4&cHash=af819f30de0cd834b0262e1cb00c9c11","MMI pharmacy partner directory page 4","1.000","1.000","0.700","true","true","exact_or_high_name_and_locality"
"retail-2026-05-104","IGIHOZO PHARMACY LTD","GASABO","RUSORORO KABUGA I","IGIHOZO PHARMACY","Gasabo - Rusororo","250788897936","https://www.mmi.gov.rw/partners/pharmacies?tx_news_pi1%5Bcontroller%5D=News&tx_news_pi1%5BcurrentPage%5D=4&cHash=af819f30de0cd834b0262e1cb00c9c11","MMI pharmacy partner directory page 4","1.000","1.000","0.180","true","true","exact_or_high_name_and_locality"
"retail-2026-05-476","IHODI PHARMACY Ltd","GASABO","RUSORORO KABUGA I","IHODI","Gasabo - Rusororo","250786555999","https://www.mmi.gov.rw/partners/pharmacies?tx_news_pi1%5Bcontroller%5D=News&tx_news_pi1%5BcurrentPage%5D=4&cHash=af819f30de0cd834b0262e1cb00c9c11","MMI pharmacy partner directory page 4","1.000","1.000","0.180","true","true","exact_or_high_name_and_locality"
"retail-2026-05-630","INEZAPHAR PHARMACY Ltd","MUSANZE","CYUVE BUCYINANYANA","INEZAPHAR PHARMACY LTD","Musanze - Cyuve","250788237219","https://www.mmi.gov.rw/partners/pharmacies?tx_news_pi1%5Bcontroller%5D=News&tx_news_pi1%5BcurrentPage%5D=4&cHash=af819f30de0cd834b0262e1cb00c9c11","MMI pharmacy partner directory page 4","1.000","1.000","0.180","true","true","exact_or_high_name_and_locality"
"retail-2026-05-105","INTWALI PHARMACY LTD","RWAMAGANA","KARENGE KARENGE","Intwali Pharmacy","Rwamagana - Karenge","250785223040","https://www.mmi.gov.rw/partners/pharmacies?tx_news_pi1%5Bcontroller%5D=News&tx_news_pi1%5BcurrentPage%5D=4&cHash=af819f30de0cd834b0262e1cb00c9c11","MMI pharmacy partner directory page 4","1.000","1.000","0.180","true","true","exact_or_high_name_and_locality"
"retail-2026-05-455","PHARMACY IRAGUHA LTD","MUSANZE","MUHOZA KIGOMBE","IRAGUHA PHARMACY","Musanze - Muhoza","250783117737","https://www.mmi.gov.rw/partners/pharmacies?tx_news_pi1%5Bcontroller%5D=News&tx_news_pi1%5BcurrentPage%5D=4&cHash=af819f30de0cd834b0262e1cb00c9c11","MMI pharmacy partner directory page 4","1.000","1.000","0.180","true","true","exact_or_high_name_and_locality"
"retail-2026-05-477","IRAKIZA PHARMACY Ltd","NYABIHU","MUKAMIRA JABA","IRAKIZA PHARMACY LTD","Nyabihu - Mukamira","250784017361","https://www.mmi.gov.rw/partners/pharmacies?tx_news_pi1%5Bcontroller%5D=News&tx_news_pi1%5BcurrentPage%5D=5&cHash=73c89c5e515261ea360cc3cc6372f318","MMI pharmacy partner directory page 5","1.000","1.000","0.120","true","true","exact_or_high_name_and_locality"
"retail-2026-05-711","J&M PHARMACY Ltd","MUHANGA","CYEZA MAKERA","J&M PHARMACY LTD","Muhanga - Cyeza","250788985639","https://www.mmi.gov.rw/partners/pharmacies?tx_news_pi1%5Bcontroller%5D=News&tx_news_pi1%5BcurrentPage%5D=5&cHash=73c89c5e515261ea360cc3cc6372f318","MMI pharmacy partner directory page 5","1.000","1.000","0.390","true","true","exact_or_high_name_and_locality"
"retail-2026-05-423","JOSH PHARMACY Ltd","NYARUGENGE","NYARUGENGE KIYOVU","JOSH PHARMACY","Nyarugenge - Nyarugenge","250788691034","https://www.mmi.gov.rw/partners/pharmacies?tx_news_pi1%5Bcontroller%5D=News&tx_news_pi1%5BcurrentPage%5D=5&cHash=73c89c5e515261ea360cc3cc6372f318","MMI pharmacy partner directory page 5","1.000","1.000","0.180","true","true","exact_or_high_name_and_locality"
"retail-2026-05-274","KA -PHARMACY Ltd","RWAMAGANA","KIGABIRO NYAGASENYI","KA.PHARMACY LTD","Rwamagana - Kigabiro","250788426345","https://www.mmi.gov.rw/partners/pharmacies?tx_news_pi1%5Bcontroller%5D=News&tx_news_pi1%5BcurrentPage%5D=5&cHash=73c89c5e515261ea360cc3cc6372f318","MMI pharmacy partner directory page 5","1.000","1.000","0.180","true","true","exact_or_high_name_and_locality"
"retail-2026-05-514","KEYSTONE PHARMACY Ltd","NYARUGENGE","NYAMIRAMBO CYIVUGIZA","KEYSTONE PHARMACY","Nyarugenge - Nyarugenge","250788524057","https://www.mmi.gov.rw/partners/pharmacies?tx_news_pi1%5Bcontroller%5D=News&tx_news_pi1%5BcurrentPage%5D=5&cHash=73c89c5e515261ea360cc3cc6372f318","MMI pharmacy partner directory page 5","1.000","0.940","0.180","true","false","exact_or_high_name_and_locality"
"retail-2026-05-426","KINDNESS PHARMACY Ltd","KARONGI","BWISHYURA KINIHIRA","KINDNESS PHARMACY LTD","Karongi - Bwishyura","250788555185","https://www.mmi.gov.rw/partners/pharmacies?tx_news_pi1%5Bcontroller%5D=News&tx_news_pi1%5BcurrentPage%5D=5&cHash=73c89c5e515261ea360cc3cc6372f318","MMI pharmacy partner directory page 5","1.000","1.000","0.180","true","true","exact_or_high_name_and_locality"
"retail-2026-05-528","KUPHARMA PHARMACY Ltd","KAMONYI","RUNDA RUYENZI","KUPHARMA PHARMACY LTD","Kamonyi - Runda","250783082239","https://www.mmi.gov.rw/partners/pharmacies?tx_news_pi1%5Bcontroller%5D=News&tx_news_pi1%5BcurrentPage%5D=5&cHash=73c89c5e515261ea360cc3cc6372f318","MMI pharmacy partner directory page 5","1.000","1.000","0.180","true","true","exact_or_high_name_and_locality"
"retail-2026-05-482","PHARMACIE LA LICORNE Ltd","NYARUGENGE","KIMISAGARA KIMISAGARA","LA LICORNE LTD","Nyarugenge - Kimisagara","250788485071","https://www.mmi.gov.rw/partners/pharmacies?tx_news_pi1%5Bcontroller%5D=News&tx_news_pi1%5BcurrentPage%5D=6&cHash=64224734865548fd13d5cc8f5b23a505","MMI pharmacy partner directory page 6","1.000","1.000","0.432","true","true","exact_or_high_name_and_locality"
"retail-2026-05-529","LA VANILLE Ltd","RWAMAGANA","KIGABIRO CYANYA","LA VANILLE PHARMACY LTD","Rwamagana - Kigabiro","250782047557","https://www.mmi.gov.rw/partners/pharmacies?tx_news_pi1%5Bcontroller%5D=News&tx_news_pi1%5BcurrentPage%5D=6&cHash=64224734865548fd13d5cc8f5b23a505","MMI pharmacy partner directory page 6","1.000","1.000","0.390","true","true","exact_or_high_name_and_locality"
"retail-2026-05-662","PHARMACIE LE BON SAMARITAIN Ltd","HUYE","NGOMA BUTARE","LE BON SAMARITAIN PHARMACIE","Huye - Ngoma","250784484324","https://www.mmi.gov.rw/partners/pharmacies?tx_news_pi1%5Bcontroller%5D=News&tx_news_pi1%5BcurrentPage%5D=6&cHash=64224734865548fd13d5cc8f5b23a505","MMI pharmacy partner directory page 6","1.000","1.000","0.312","true","true","exact_or_high_name_and_locality"
"retail-2026-05-639","LUCE PHARMACY Ltd","BUGESERA","RUHUHA RUHUHA","LUCE PHARMACY LTD","Bugesera - Ruhuha","250788267487","https://www.mmi.gov.rw/partners/pharmacies?tx_news_pi1%5Bcontroller%5D=News&tx_news_pi1%5BcurrentPage%5D=6&cHash=64224734865548fd13d5cc8f5b23a505","MMI pharmacy partner directory page 6","1.000","1.000","0.180","true","true","exact_or_high_name_and_locality"
"retail-2026-05-168","MAX PHARMACY Ltd","RUSIZI","GIHUNDWE BURANGA","MAX Pharmacy","Rusizi - Gihundwe","250783087058","https://www.mmi.gov.rw/partners/pharmacies?tx_news_pi1%5Bcontroller%5D=News&tx_news_pi1%5BcurrentPage%5D=6&cHash=64224734865548fd13d5cc8f5b23a505","MMI pharmacy partner directory page 6","1.000","1.000","0.180","true","true","exact_or_high_name_and_locality"
"retail-2026-05-70","MEDICO PHARMACY LTD","MUSANZE","BUSOGO SAHARA","MEDICO PHARMACY LTD","Musanze - Busogo","250783111847","https://www.mmi.gov.rw/partners/pharmacies?tx_news_pi1%5Bcontroller%5D=News&tx_news_pi1%5BcurrentPage%5D=6&cHash=64224734865548fd13d5cc8f5b23a505","MMI pharmacy partner directory page 6","1.000","1.000","0.180","true","true","exact_or_high_name_and_locality"
"retail-2026-05-239","MENIPHAR LTD","KICUKIRO","KANOMBE KABEZA","MENIPHAR PHARMACY","Kicukiro - Kanombe","250788771881","https://www.mmi.gov.rw/partners/pharmacies?tx_news_pi1%5Bcontroller%5D=News&tx_news_pi1%5BcurrentPage%5D=7&cHash=4b5654186942a224cb29095eb15c3bd4","MMI pharmacy partner directory page 7","1.000","1.000","0.180","true","true","exact_or_high_name_and_locality"
"retail-2026-05-598","MISSION PHARMACY","RUBAVU","RUBACU BYAHI","MISSION PHARMACY","Rubavu - Rubavu","250783338654","https://www.mmi.gov.rw/partners/pharmacies?tx_news_pi1%5Bcontroller%5D=News&tx_news_pi1%5BcurrentPage%5D=7&cHash=4b5654186942a224cb29095eb15c3bd4","MMI pharmacy partner directory page 7","1.000","0.940","0.180","true","false","exact_or_high_name_and_locality"
"retail-2026-05-224","MORGAN PHARMACY LTD","NGORORERO","NGORORERO RUSUSA","MORGAN PHARMACY","Ngororero - Ngororero","250788648388","https://www.mmi.gov.rw/partners/pharmacies?tx_news_pi1%5Bcontroller%5D=News&tx_news_pi1%5BcurrentPage%5D=7&cHash=4b5654186942a224cb29095eb15c3bd4","MMI pharmacy partner directory page 7","1.000","1.000","0.180","true","true","exact_or_high_name_and_locality"
"retail-2026-05-433","NEW HOPE PHARMACY Ltd","GASABO","REMERA RUKIRI II","NEW HOPE PHARMACY","Gasabo - Remera","250783106658","https://www.mmi.gov.rw/partners/pharmacies?tx_news_pi1%5Bcontroller%5D=News&tx_news_pi1%5BcurrentPage%5D=7&cHash=4b5654186942a224cb29095eb15c3bd4","MMI pharmacy partner directory page 7","1.000","1.000","0.390","true","true","exact_or_high_name_and_locality"
"retail-2026-05-434","NIMA PHARMACY Ltd","NYARUGENGE","NYARUGENGE BIRYOGO","NIMA PHARMACY","Nyarugenge - Nyarugenge","250784478571","https://www.mmi.gov.rw/partners/pharmacies?tx_news_pi1%5Bcontroller%5D=News&tx_news_pi1%5BcurrentPage%5D=7&cHash=4b5654186942a224cb29095eb15c3bd4","MMI pharmacy partner directory page 7","1.000","1.000","0.180","true","true","exact_or_high_name_and_locality"
"retail-2026-05-466","NTENDE PHARMACY Ltd","GATSIBO","RUGARAMA GIHUTA","NTENDE PHARMACY","Gatsibo - Rugarama","250788231531","https://www.mmi.gov.rw/partners/pharmacies?tx_news_pi1%5Bcontroller%5D=News&tx_news_pi1%5BcurrentPage%5D=7&cHash=4b5654186942a224cb29095eb15c3bd4","MMI pharmacy partner directory page 7","1.000","1.000","0.120","true","true","exact_or_high_name_and_locality"
"retail-2026-05-516","NURA PHARMACY LTD","NYANZA","BUSASAMANA NYANZA","NURA PHARMACY","Nyanza - Busasamana","250785340556","https://www.mmi.gov.rw/partners/pharmacies?tx_news_pi1%5Bcontroller%5D=News&tx_news_pi1%5BcurrentPage%5D=7&cHash=4b5654186942a224cb29095eb15c3bd4","MMI pharmacy partner directory page 7","1.000","1.000","0.180","true","true","exact_or_high_name_and_locality"
"retail-2026-05-198","PANACEA PHARMACY Ltd","KICUKIRO","KAGARAMA RWAMPARA","PANACEA PHARMACY Ltd","Kicukiro - Kigarama","250786960180","https://www.mmi.gov.rw/partners/pharmacies?tx_news_pi1%5Bcontroller%5D=News&tx_news_pi1%5BcurrentPage%5D=7&cHash=4b5654186942a224cb29095eb15c3bd4","MMI pharmacy partner directory page 7","1.000","0.940","0.180","true","false","exact_or_high_name_and_locality"
"retail-2026-05-363","PHARMACIE BIMOPHAR LTD","RUSIZI","KAMEMBE GIHUNDWE","PHARMACIE BIMOPHAR","Rusizi - Kamembe","250788698603","https://www.mmi.gov.rw/partners/pharmacies?tx_news_pi1%5Bcontroller%5D=News&tx_news_pi1%5BcurrentPage%5D=8&cHash=4756201fe07bcce4c0d990048d795942","MMI pharmacy partner directory page 8","1.000","1.000","0.180","true","true","exact_or_high_name_and_locality"
"retail-2026-05-436","PHARMACIE DIGNE LTD","GASABO","KIMIRONKO KIBAGABAGA","PHARMACIE DIGNE","Gasabo - Kimironko","250788461155","https://www.mmi.gov.rw/partners/pharmacies?tx_news_pi1%5Bcontroller%5D=News&tx_news_pi1%5BcurrentPage%5D=8&cHash=4756201fe07bcce4c0d990048d795942","MMI pharmacy partner directory page 8","1.000","1.000","0.180","true","true","exact_or_high_name_and_locality"
"retail-2026-05-330","PHARMACIE DU PHARE Ltd","KICUKIRO","KANOMBE RUBIRIZI","PHARMACIE DU PHARE LTD","Kicukiro - Kanombe","250783318099","https://www.mmi.gov.rw/partners/pharmacies?tx_news_pi1%5Bcontroller%5D=News&tx_news_pi1%5BcurrentPage%5D=8&cHash=4756201fe07bcce4c0d990048d795942","MMI pharmacy partner directory page 8","1.000","1.000","0.510","true","true","exact_or_high_name_and_locality"
"retail-2026-05-110","PHARMACIE L’EXPERIENCE LTD","KICUKIRO","GAHANGA KAGASA","PHARMACIE L'EXPERIENCE LTD","Kicukiro - Gahanga","250788544970","https://www.mmi.gov.rw/partners/pharmacies?tx_news_pi1%5Bcontroller%5D=News&tx_news_pi1%5BcurrentPage%5D=8&cHash=4756201fe07bcce4c0d990048d795942","MMI pharmacy partner directory page 8","1.000","1.000","0.180","true","true","exact_or_high_name_and_locality"
"retail-2026-05-572","LELAPHARMA Ltd","KAYONZA","MUKARANGE BWIZA","PHARMACIE LELAPHARMA LTD","Kayonza - Bigogwe","250783304146","https://www.mmi.gov.rw/partners/pharmacies?tx_news_pi1%5Bcontroller%5D=News&tx_news_pi1%5BcurrentPage%5D=8&cHash=4756201fe07bcce4c0d990048d795942","MMI pharmacy partner directory page 8","1.000","0.940","0.120","true","false","exact_or_high_name_and_locality"
"retail-2026-05-231","PHARMACIE NEZA Ltd","NYARUGENGE","NYARUGENGE KIYOVU","PHARMACIE NEZA LTD","Nyarugenge - Nyarugenge","250788676607","https://www.mmi.gov.rw/partners/pharmacies?tx_news_pi1%5Bcontroller%5D=News&tx_news_pi1%5BcurrentPage%5D=9&cHash=c13b44e19ea49a4663bff3b1213f2c66","MMI pharmacy partner directory page 9","1.000","1.000","0.180","true","true","exact_or_high_name_and_locality"
"retail-2026-05-579","PHARMACIE NOVA","KICUKIRO","KICUKIRO GASHARU","Pharmacie NOVA","Kicukiro - Kicukiro","250788511820","https://www.mmi.gov.rw/partners/pharmacies?tx_news_pi1%5Bcontroller%5D=News&tx_news_pi1%5BcurrentPage%5D=9&cHash=c13b44e19ea49a4663bff3b1213f2c66","MMI pharmacy partner directory page 9","1.000","1.000","0.180","true","true","exact_or_high_name_and_locality"
"retail-2026-05-532","PHARMACIE SHENGE Ltd","GASABO","REMERA RUKIRI II","PHARMACIE SHENGE LTD","Gasabo - Remera","250788800746","https://www.mmi.gov.rw/partners/pharmacies?tx_news_pi1%5Bcontroller%5D=News&tx_news_pi1%5BcurrentPage%5D=9&cHash=c13b44e19ea49a4663bff3b1213f2c66","MMI pharmacy partner directory page 9","1.000","1.000","0.180","true","true","exact_or_high_name_and_locality"
"retail-2026-05-682","PHARMACIE TETA REMERA","GASABO","REMERA RUKIRI I","PHARMACIE TETA REMERA","Gasabo - Remera","250789192226","https://www.mmi.gov.rw/partners/pharmacies?tx_news_pi1%5Bcontroller%5D=News&tx_news_pi1%5BcurrentPage%5D=9&cHash=c13b44e19ea49a4663bff3b1213f2c66","MMI pharmacy partner directory page 9","1.000","1.000","0.700","true","true","exact_or_high_name_and_locality"
"retail-2026-05-522","PHARMACIE UNIQUE Ltd","GASABO","REMERA RUKIRI II","PHARMACIE UNIQUE LTD","Gasabo - Remera","250788354212","https://www.mmi.gov.rw/partners/pharmacies?tx_news_pi1%5Bcontroller%5D=News&tx_news_pi1%5BcurrentPage%5D=9&cHash=c13b44e19ea49a4663bff3b1213f2c66","MMI pharmacy partner directory page 9","1.000","1.000","0.640","true","true","exact_or_high_name_and_locality"
"retail-2026-05-193","PHARMACIE UNIQUE/KIYOVU","NYARUGENGE","NYARUGENGE KIYOVU","PHARMACIE UNIQUE KIYOVU","Nyarugenge - Nyarugenge","250788309743","https://www.mmi.gov.rw/partners/pharmacies?tx_news_pi1%5Bcontroller%5D=News&tx_news_pi1%5BcurrentPage%5D=9&cHash=c13b44e19ea49a4663bff3b1213f2c66","MMI pharmacy partner directory page 9","1.000","1.000","0.520","true","true","exact_or_high_name_and_locality"
"retail-2026-05-452","PHARMACY FOR FAMILY GROUP Ltd","KICUKIRO","GATENGA NYANZA","PHARMACY FOR FAMILY GROUP","Kicukiro - Gatenga","250781146279","https://www.mmi.gov.rw/partners/pharmacies?tx_news_pi1%5Bcontroller%5D=News&tx_news_pi1%5BcurrentPage%5D=9&cHash=c13b44e19ea49a4663bff3b1213f2c66","MMI pharmacy partner directory page 9","1.000","1.000","0.520","true","true","exact_or_high_name_and_locality"
"retail-2026-05-14","KIVU BEACH PHARMACY LTD","RUBAVU","GISENYI NENGO","PHARMACY KIVU BEACH","Rubavu - Rubavu","250786271600","https://www.mmi.gov.rw/partners/pharmacies?tx_news_pi1%5Bcontroller%5D=News&tx_news_pi1%5BcurrentPage%5D=9&cHash=c13b44e19ea49a4663bff3b1213f2c66","MMI pharmacy partner directory page 9","1.000","1.000","0.180","true","true","exact_or_high_name_and_locality"
"retail-2026-05-227","PHARMASAVE Ltd","GASABO","KACYIRU KAMATAMU","PHARMASAVE","Gasabo - Kacyiru","250788303948","https://www.mmi.gov.rw/partners/pharmacies?tx_news_pi1%5Bcontroller%5D=News&tx_news_pi1%5BcurrentPage%5D=10&cHash=20062796121f6b71405e90a25d651a00","MMI pharmacy partner directory page 10","1.000","1.000","0.180","true","true","exact_or_high_name_and_locality"
"retail-2026-05-732","PILLAR PHARMACY Ltd","MUHANGA","NYAMABUYE GAHOGO","PILLAR PHARMACY LTD","Muhanga - Nyamabuye","250783736990","https://www.mmi.gov.rw/partners/pharmacies?tx_news_pi1%5Bcontroller%5D=News&tx_news_pi1%5BcurrentPage%5D=10&cHash=20062796121f6b71405e90a25d651a00","MMI pharmacy partner directory page 10","1.000","1.000","0.520","true","true","exact_or_high_name_and_locality"
"retail-2026-05-484","PLIVA PHARMACY Ltd","NYARUGENGE","GITEGA GACYAMO","PLIVA PHARMACY","Nyarugenge - Gitega","250788754720","https://www.mmi.gov.rw/partners/pharmacies?tx_news_pi1%5Bcontroller%5D=News&tx_news_pi1%5BcurrentPage%5D=10&cHash=20062796121f6b71405e90a25d651a00","MMI pharmacy partner directory page 10","1.000","1.000","0.120","true","true","exact_or_high_name_and_locality"
"retail-2026-05-719","RAMA PHARMACY Ltd","KIREHE","KIGINA RUHANGA","RAMA PHARMACY LTD","Kirehe - Kigina","250788288858","https://www.mmi.gov.rw/partners/pharmacies?tx_news_pi1%5Bcontroller%5D=News&tx_news_pi1%5BcurrentPage%5D=10&cHash=20062796121f6b71405e90a25d651a00","MMI pharmacy partner directory page 10","1.000","1.000","0.520","true","true","exact_or_high_name_and_locality"
"retail-2026-05-491","RAVI PHARMACY Ltd","GASABO","KIMIRONKO NYAGATOVU","RAVI PHARMACY","Gasabo - Kimironko","250788914434","https://www.mmi.gov.rw/partners/pharmacies?tx_news_pi1%5Bcontroller%5D=News&tx_news_pi1%5BcurrentPage%5D=10&cHash=20062796121f6b71405e90a25d651a00","MMI pharmacy partner directory page 10","1.000","1.000","0.180","true","true","exact_or_high_name_and_locality"
"retail-2026-05-112","SCORE PHARMACY LTD","NYARUGENGE","MUHIMA UBUMWE","SCORE PHARMACY","Nyarugenge - Muhima","250783410790","https://www.mmi.gov.rw/partners/pharmacies?tx_news_pi1%5Bcontroller%5D=News&tx_news_pi1%5BcurrentPage%5D=11&cHash=673911716afa33a833f26bcd03ee3df1","MMI pharmacy partner directory page 11","1.000","1.000","0.180","true","true","exact_or_high_name_and_locality"
"retail-2026-05-354","SEMU PHARMACY LTD BRANCH","KICUKIRO","NIBOYE GATARE","SEMU PHARMACY BRANCH LTD","Kicukiro - Niboye","250791206347","https://www.mmi.gov.rw/partners/pharmacies?tx_news_pi1%5Bcontroller%5D=News&tx_news_pi1%5BcurrentPage%5D=11&cHash=673911716afa33a833f26bcd03ee3df1","MMI pharmacy partner directory page 11","1.000","1.000","0.700","true","true","exact_or_high_name_and_locality"
"retail-2026-05-324","SEMU PHARMACY Ltd","KICUKIRO","NIBOYE GATARE","SEMU PHARMACY","Kicukiro - Kicukiro","250781422467","https://www.mmi.gov.rw/partners/pharmacies?tx_news_pi1%5Bcontroller%5D=News&tx_news_pi1%5BcurrentPage%5D=11&cHash=673911716afa33a833f26bcd03ee3df1","MMI pharmacy partner directory page 11","1.000","0.940","0.640","true","false","exact_or_high_name_and_locality"
"retail-2026-05-517","SHAMI PHARMA Ltd","NYAMAGABE","GASAKA NYAMUGALI","SHAMI PHARMACY","Nyamagabe - Gasaka","250785082487","https://www.mmi.gov.rw/partners/pharmacies?tx_news_pi1%5Bcontroller%5D=News&tx_news_pi1%5BcurrentPage%5D=11&cHash=673911716afa33a833f26bcd03ee3df1","MMI pharmacy partner directory page 11","1.000","1.000","0.520","true","true","exact_or_high_name_and_locality"
"retail-2026-05-503","ST ODA Ltd","RULINDO","BUSHOKI NYIRANGARAMA","ST ODA LTD","Rulindo - Bushoki","250786364440","https://www.mmi.gov.rw/partners/pharmacies?tx_news_pi1%5Bcontroller%5D=News&tx_news_pi1%5BcurrentPage%5D=11&cHash=673911716afa33a833f26bcd03ee3df1","MMI pharmacy partner directory page 11","1.000","1.000","0.744","true","true","exact_or_high_name_and_locality"
"retail-2026-05-504","SUCCESS PHARMACY LTD","GATSIBO","KIRAMURUZI GAKENKE","SUCCESS PHARMACY LTD","Gatsibo - Kiramuruzi","250782529974","https://www.mmi.gov.rw/partners/pharmacies?tx_news_pi1%5Bcontroller%5D=News&tx_news_pi1%5BcurrentPage%5D=11&cHash=673911716afa33a833f26bcd03ee3df1","MMI pharmacy partner directory page 11","1.000","1.000","0.180","true","true","exact_or_high_name_and_locality"
"retail-2026-05-355","SUNBEAM PHARMACY LTD","NYARUGENGE","NYARUGENGE KIYOVU","SUNBEAM PHARMACY","Nyarugenge - Nyarugenge","250781279825","https://www.mmi.gov.rw/partners/pharmacies?tx_news_pi1%5Bcontroller%5D=News&tx_news_pi1%5BcurrentPage%5D=11&cHash=673911716afa33a833f26bcd03ee3df1","MMI pharmacy partner directory page 11","1.000","1.000","0.180","true","true","exact_or_high_name_and_locality"
"retail-2026-05-472","SUNRISE PHARMACY Ltd","HUYE","NGOMA KABUTARE","SUNRISE PHARMACY LTD","Huye - Ngoma","250789617973","https://www.mmi.gov.rw/partners/pharmacies?tx_news_pi1%5Bcontroller%5D=News&tx_news_pi1%5BcurrentPage%5D=12&cHash=d7211bdc24b02409e4367a40a7404bcc","MMI pharmacy partner directory page 12","1.000","1.000","0.180","true","true","exact_or_high_name_and_locality"
"retail-2026-05-488","THE GUARDIAN PHARMACY Ltd","BUGESERA","NYAMATA NYAMATA","THE GUARDIAN PHARMACY","Bugesera - Nyamata","250786688057","https://www.mmi.gov.rw/partners/pharmacies?tx_news_pi1%5Bcontroller%5D=News&tx_news_pi1%5BcurrentPage%5D=12&cHash=d7211bdc24b02409e4367a40a7404bcc","MMI pharmacy partner directory page 12","1.000","1.000","0.390","true","true","exact_or_high_name_and_locality"
"retail-2026-05-140","THE SPECIALIST PHARMACY Ltd","GASABO","KIMIRONKO BIBARE","THE SPECIALIST PHARMACY","Gasabo - Kimironko","250788500952","https://www.mmi.gov.rw/partners/pharmacies?tx_news_pi1%5Bcontroller%5D=News&tx_news_pi1%5BcurrentPage%5D=12&cHash=d7211bdc24b02409e4367a40a7404bcc","MMI pharmacy partner directory page 12","1.000","1.000","0.510","true","true","exact_or_high_name_and_locality"
"retail-2026-05-713","TROJANUS PHARMACY Ltd","BUGESERA","NYAMATA NYAMATA","TROJANUS PHARMACY LTD","Bugesera - Nyamata","250788778534","https://www.mmi.gov.rw/partners/pharmacies?tx_news_pi1%5Bcontroller%5D=News&tx_news_pi1%5BcurrentPage%5D=12&cHash=d7211bdc24b02409e4367a40a7404bcc","MMI pharmacy partner directory page 12","1.000","1.000","0.180","true","true","exact_or_high_name_and_locality"
"retail-2026-05-113","TUMA PHARMACY LTD","BUGESERA","NYAMATA NYAMATA","TUMA Pharmacy","Bugesera - Nyamata","250791587368","https://www.mmi.gov.rw/partners/pharmacies?tx_news_pi1%5Bcontroller%5D=News&tx_news_pi1%5BcurrentPage%5D=12&cHash=d7211bdc24b02409e4367a40a7404bcc","MMI pharmacy partner directory page 12","1.000","1.000","0.180","true","true","exact_or_high_name_and_locality"
"retail-2026-05-443","UMUCYO NA GIRUBUZIMA LTD","RUHANGO","RUHANGO NYAMAGANA","UMUCYO NA GIRUBUZIMA PHARMACY LTD","Ruhango - Ruhango","250785486361","https://www.mmi.gov.rw/partners/pharmacies?tx_news_pi1%5Bcontroller%5D=News&tx_news_pi1%5BcurrentPage%5D=12&cHash=d7211bdc24b02409e4367a40a7404bcc","MMI pharmacy partner directory page 12","1.000","1.000","0.390","true","true","exact_or_high_name_and_locality"
"retail-2026-05-648","UNIKA PHARMACY Ltd","NYARUGENGE","KIGALI NYABUGOGO","UNIKA PHARMACY","Nyarugenge - Kigali(NORVEGE)","250788804376","https://www.mmi.gov.rw/partners/pharmacies?tx_news_pi1%5Bcontroller%5D=News&tx_news_pi1%5BcurrentPage%5D=13&cHash=30bc917df2ca0795451708f3ec4706f2","MMI pharmacy partner directory page 13","1.000","0.940","0.120","true","false","exact_or_high_name_and_locality"
"retail-2026-05-281","UNIPHARMA B1","GASABO","REMERA RUKIRI I","UNIPHARMA B1","Gasabo - Remera","250788874827","https://www.mmi.gov.rw/partners/pharmacies?tx_news_pi1%5Bcontroller%5D=News&tx_news_pi1%5BcurrentPage%5D=13&cHash=30bc917df2ca0795451708f3ec4706f2","MMI pharmacy partner directory page 13","1.000","1.000","0.520","true","true","exact_or_high_name_and_locality"
"retail-2026-05-282","UNIPHARMA B2","GASABO","KINYINYA KAGUGU","UNIPHARMA B2","Gasabo - Kinyinya","250788251677","https://www.mmi.gov.rw/partners/pharmacies?tx_news_pi1%5Bcontroller%5D=News&tx_news_pi1%5BcurrentPage%5D=13&cHash=30bc917df2ca0795451708f3ec4706f2","MMI pharmacy partner directory page 13","1.000","1.000","0.570","true","true","exact_or_high_name_and_locality"
"retail-2026-05-296","UNIPHARMA B3","KICUKIRO","KANOMBE KABEZA","UNIPHARMA B3","Kicukiro - Kanombe","250788565654","https://www.mmi.gov.rw/partners/pharmacies?tx_news_pi1%5Bcontroller%5D=News&tx_news_pi1%5BcurrentPage%5D=13&cHash=30bc917df2ca0795451708f3ec4706f2","MMI pharmacy partner directory page 13","1.000","1.000","0.520","true","true","exact_or_high_name_and_locality"
"retail-2026-05-182","UNIPHARMA B4","GASABO","KINYINYA GACURIRO","UNIPHARMA B4","Gasabo - Kinyinya","250788771000","https://www.mmi.gov.rw/partners/pharmacies?tx_news_pi1%5Bcontroller%5D=News&tx_news_pi1%5BcurrentPage%5D=13&cHash=30bc917df2ca0795451708f3ec4706f2","MMI pharmacy partner directory page 13","1.000","1.000","0.570","true","true","exact_or_high_name_and_locality"
"retail-2026-05-268","VERITAS PHARMACY Ltd","GICUMBI","BYUMBA GACURABWENGE","VERITAS PHARMACY LTD","Gicumbi - Byumba","250788992411","https://www.mmi.gov.rw/partners/pharmacies?tx_news_pi1%5Bcontroller%5D=News&tx_news_pi1%5BcurrentPage%5D=13&cHash=30bc917df2ca0795451708f3ec4706f2","MMI pharmacy partner directory page 13","1.000","1.000","0.180","true","true","exact_or_high_name_and_locality"
"retail-2026-05-518","VIEPHARMA PHARMACY Ltd","KAMONYI","RUNDA RUYENZI","VIEPHARMA PHARMACY LTD","Kamonyi - Runda","250788690137","https://www.mmi.gov.rw/partners/pharmacies?tx_news_pi1%5Bcontroller%5D=News&tx_news_pi1%5BcurrentPage%5D=14&cHash=b4ed1aa76afc103eea72dbf0adb9b48b","MMI pharmacy partner directory page 14","1.000","1.000","0.180","true","true","exact_or_high_name_and_locality"
"retail-2026-05-88","YES PHARMACY LTD","GASABO","NDUBA GASANZE","YES PHARMACY LTD","Gasabo - Kinyinya","250783857499","https://www.mmi.gov.rw/partners/pharmacies?tx_news_pi1%5Bcontroller%5D=News&tx_news_pi1%5BcurrentPage%5D=14&cHash=b4ed1aa76afc103eea72dbf0adb9b48b","MMI pharmacy partner directory page 14","1.000","0.940","0.180","true","false","exact_or_high_name_and_locality"
"retail-2026-05-402","ZIP PHARMACY Ltd","KICUKIRO","GAHANGA KAREMBURE","ZIP PHARMACY","Kicukiro - Gahanga","250783629827","https://www.mmi.gov.rw/partners/pharmacies?tx_news_pi1%5Bcontroller%5D=News&tx_news_pi1%5BcurrentPage%5D=14&cHash=b4ed1aa76afc103eea72dbf0adb9b48b","MMI pharmacy partner directory page 14","1.000","1.000","0.640","true","true","exact_or_high_name_and_locality"
