"registry_entry_key","registry_pharmacy_name","registry_district","registry_area","gis_object_id","gis_global_id","gis_shop_name","gis_district","gis_sector","gis_cell","gis_village","gis_street_number","longitude","latitude","accuracy_m","collected_at","edited_at","source_url","review_reason"
"","PHARMACIE KAVES Ltd","GASABO","KIMIRONKO NYAGATOVU","1","{33AF0E89-AC52-4910-8165-1407EFF1F0D7}","KAVES PHARMACY","Gasabo","Kimironko","","","","30.1273008","-1.9480993","0.000","2021-06-22T10:00:00.000Z","2023-11-01T07:30:17.038Z","https://gh.space.gov.rw/server/rest/services/Health_Facilities/FeatureServer/3","cell_mismatch_or_accuracy"
"","","","","2","{15F058F1-73AE-4B69-822C-DFE96B2258C6}","Phramed Pharmacy","Gasabo","Kimironko","","","","30.1270548","-1.9482288","0.000","2021-06-22T10:00:00.000Z","2023-11-01T07:30:20.542Z","https://gh.space.gov.rw/server/rest/services/Health_Facilities/FeatureServer/3","name_or_district_unmatched"
"","RAVI PHARMACY Ltd","GASABO","KIMIRONKO NYAGATOVU","3","{B6182507-F6CB-4CCA-82F6-4D27B78F1106}","RAVI Pharmacy","Gasabo","Kimironko","","","","30.1263090","-1.9486596","0.000","2021-06-22T10:00:00.000Z","2023-11-01T07:30:25.736Z","https://gh.space.gov.rw/server/rest/services/Health_Facilities/FeatureServer/3","cell_mismatch_or_accuracy"
"","KIRAMED Ltd","GASABO","KIMIRONKO KIBAGABAGA","4","{CB650F0B-F6DE-458D-8086-82BE33A47F80}","Kiramed Pharmacy","Gasabo","Kimironko","","","","30.1331465","-1.9359545","0.000","2021-06-22T10:00:00.000Z","2023-11-01T07:30:39.034Z","https://gh.space.gov.rw/server/rest/services/Health_Facilities/FeatureServer/3","cell_mismatch_or_accuracy"
"","CAREPLUS PHARMACY Ltd","GASABO","BUMBOGO KINYAGA","5","{999DCE27-0850-492F-954E-9D6BDB5B4B1C}","Careplus Pharmacy","Gasabo","Kimironko","","","","30.1381791","-1.9287352","0.000","2021-06-22T10:00:00.000Z","2023-11-01T07:30:40.591Z","https://gh.space.gov.rw/server/rest/services/Health_Facilities/FeatureServer/3","sector_mismatch_or_ambiguous"
"","THE SPECIALIST PHARMACY Ltd","GASABO","KIMIRONKO BIBARE","6","{953CE5DE-7134-4A54-9FF0-289D6249A30D}","THE SPECIALIST PHARMACY","Gasabo","Kimironko","","","","30.1308322","-1.9413901","0.000","2021-06-22T10:00:00.000Z","2023-11-01T07:31:11.431Z","https://gh.space.gov.rw/server/rest/services/Health_Facilities/FeatureServer/3","cell_mismatch_or_accuracy"
"","","","","7","{55F21768-0602-4F5C-8D5F-F46DAE7B107E}","Paravina Pharmacy","Gasabo","Kimironko","","","","30.1307017","-1.9412291","0.000","2021-06-23T10:00:00.000Z","2023-11-01T07:31:43.803Z","https://gh.space.gov.rw/server/rest/services/Health_Facilities/FeatureServer/3","name_or_district_unmatched"
"","","","","8","{C3B53907-E977-42B4-8270-5592F32B1CC4}","Fina Pharmacy","Gasabo","Kimironko","","","","30.1328083","-1.9355531","0.000","2021-06-23T10:00:00.000Z","2023-11-01T07:31:51.761Z","https://gh.space.gov.rw/server/rest/services/Health_Facilities/FeatureServer/3","name_or_district_unmatched"
"","","","","9","{9F59E332-4517-48FF-B3DC-E3256C713FF9}","Agro-Vet Pharmacy","Gasabo","Kimironko","","","","30.1269795","-1.9484157","0.000","2021-06-23T10:00:00.000Z","2023-11-01T07:32:12.832Z","https://gh.space.gov.rw/server/rest/services/Health_Facilities/FeatureServer/3","name_or_district_unmatched"
"","","","","10","{9F8FA1DC-2E7D-43A4-8744-450965E2D276}","Libeka Pharmacy Ltd","Gasabo","Kimironko","","","","30.1271709","-1.9493088","0.000","2021-06-25T10:00:00.000Z","2023-11-01T07:33:32.172Z","https://gh.space.gov.rw/server/rest/services/Health_Facilities/FeatureServer/3","name_or_district_unmatched"
"","PRECIOUS PHARMACY LTD","GASABO","KIMIRONKO BIBARE","11","{6A8EE5FB-8555-429E-BE97-1BE1BFFD6DC9}","Precious Pharmacy","Gasabo","Kimironko","","","","30.1283211","-1.9465181","0.000","2021-06-25T10:00:00.000Z","2023-11-01T07:33:35.789Z","https://gh.space.gov.rw/server/rest/services/Health_Facilities/FeatureServer/3","cell_mismatch_or_accuracy"
"","PHARMACIE TETA Ltd","GASABO","KIMIRONKO BIBARE","12","{57B5D0A8-F68E-4924-B1EB-B0BCAB9166C1}","Teta Pharmacy","Gasabo","Kimironko","","","","30.1248731","-1.9496074","0.000","2021-06-24T10:00:00.000Z","2023-11-01T07:33:42.992Z","https://gh.space.gov.rw/server/rest/services/Health_Facilities/FeatureServer/3","cell_mismatch_or_accuracy"
"","","","","13","{63013364-A6E9-4DCC-A478-3E54FD9E85F2}","K&W Medical Pharmacy","Gasabo","Kimironko","","","","30.1171834","-1.9502519","0.000","2021-06-25T10:00:00.000Z","2023-11-01T07:34:11.629Z","https://gh.space.gov.rw/server/rest/services/Health_Facilities/FeatureServer/3","name_or_district_unmatched"
"","SAFINA PHARMACY Limited","KICUKIRO","KICUKIRO GASHARU","14","{98DC7328-C882-454D-B93B-1746B47C4FDE}","Safina Pharmacy","Kicukiro","Kicukiro","","","","30.0995379","-1.9717842","0.000","2021-10-05T10:00:00.000Z","2023-11-01T12:54:15.902Z","https://gh.space.gov.rw/server/rest/services/Health_Facilities/FeatureServer/3","cell_mismatch_or_accuracy"
"","FUTURE HOPE PHARMACY Ltd","KICUKIRO","GATENGA ISANGANO","15","{126A3205-0ECC-4CE1-8CEA-9C86DEF3D91C}","Future Hope Pharmacy","Kicukiro","Kicukiro","","","","30.1028277","-1.9689164","0.000","2021-10-05T10:00:00.000Z","2023-11-01T12:54:24.357Z","https://gh.space.gov.rw/server/rest/services/Health_Facilities/FeatureServer/3","sector_mismatch_or_ambiguous"
"","","","","16","{726F0A11-4BC8-4BAD-BF57-18826F6E80C6}","Pharmacy","Kicukiro","Gatenga","Gatenga","Gatenga","","30.0972020","-1.9753047","3.000","2021-10-05T10:00:00.000Z","2023-11-01T07:35:46.459Z","https://gh.space.gov.rw/server/rest/services/Health_Facilities/FeatureServer/3","name_or_district_unmatched"
"","","","","17","{6C797624-645E-4B71-8CDF-627797D7AA35}","MALISA Pharmacy","Kicukiro","Gatenga","","","","30.0956728","-1.9782338","0.000","2021-10-05T10:00:00.000Z","2023-11-01T07:36:56.076Z","https://gh.space.gov.rw/server/rest/services/Health_Facilities/FeatureServer/3","name_or_district_unmatched"
"","","","","18","{52482ED8-5876-4A68-A330-145DA85EEE78}","Stn.Marie Queen Pharmacy","Kicukiro","Nyarugunga","","","","30.1475054","-1.9653765","0.000","2021-10-05T10:00:00.000Z","2023-11-01T07:37:34.787Z","https://gh.space.gov.rw/server/rest/services/Health_Facilities/FeatureServer/3","name_or_district_unmatched"
"","","","","19","{CC9507CF-A62B-472C-B5E0-67CD9B0EE66E}","Jide Pharmacy","Kicukiro","Niboye","Niboye","Taba","KK 21 Av","30.1129419","-1.9783771","2.000","2021-10-05T10:00:00.000Z","2023-11-01T07:38:39.938Z","https://gh.space.gov.rw/server/rest/services/Health_Facilities/FeatureServer/3","name_or_district_unmatched"
"","","","","20","{F5C9AC4F-5EB0-42A8-93D7-3694BC486FD6}","Bethazatha Pharmacy","Kicukiro","Niboye","Niboye","Sovu","KK 21 Av","30.1042713","-1.9691200","2.500","2021-10-05T10:00:00.000Z","2023-11-01T07:38:45.961Z","https://gh.space.gov.rw/server/rest/services/Health_Facilities/FeatureServer/3","name_or_district_unmatched"
"","","","","21","{A1294F36-27CF-478A-B94D-DFD1C2CE1359}","Memas Pharmacy","Kicukiro","Niboye","Niboye","Sovu","KK 335 St","30.1029777","-1.9678584","1.500","2021-10-06T10:00:00.000Z","2023-11-01T07:38:49.869Z","https://gh.space.gov.rw/server/rest/services/Health_Facilities/FeatureServer/3","name_or_district_unmatched"
"","","","","23","{88CBDF90-D430-4558-8D02-D562DF902172}","Pharmacy La Princense","Kicukiro","Kigarama","","","","30.0759171","-1.9659804","0.000","2021-10-05T10:00:00.000Z","2023-11-01T07:39:26.900Z","https://gh.space.gov.rw/server/rest/services/Health_Facilities/FeatureServer/3","name_or_district_unmatched"
"","EMMY PHARMACY Ltd","KICUKIRO","KANOMBE RUBIRIZI","24","{DED0F35B-3E4D-4076-968D-3191AE886B7F}","Emmy Pharmacy","Kicukiro","Kanombe","","","","30.1324392","-1.9824511","0.000","2021-10-05T10:00:00.000Z","2023-11-01T12:50:13.658Z","https://gh.space.gov.rw/server/rest/services/Health_Facilities/FeatureServer/3","cell_mismatch_or_accuracy"
"","","","","25","{185DFDF7-3481-4E3B-9804-0E940FD1A2E0}","Herit Pharmacy","Kicukiro","Gikondo","","","","30.0768178","-1.9716575","0.000","2021-10-05T10:00:00.000Z","2023-11-01T14:28:55.923Z","https://gh.space.gov.rw/server/rest/services/Health_Facilities/FeatureServer/3","name_or_district_unmatched"
"","SEMU PHARMACY Ltd","KICUKIRO","NIBOYE GATARE","26","{2960426F-21A2-46E5-BA66-499AE6369086}","Semu Pharmacy","Kicukiro","Niboye","","","","30.1084115","-1.9758318","0.000","2021-10-06T10:00:00.000Z","2023-11-01T07:41:20.634Z","https://gh.space.gov.rw/server/rest/services/Health_Facilities/FeatureServer/3","cell_mismatch_or_accuracy"
"","","","","27","{B2AE1C00-60A7-4C31-894F-D30D22FB126E}","Pharma Best Pharmacy","Gasabo","Remera","","","","30.1098802","-1.9591841","0.000","2021-10-06T10:00:00.000Z","2023-11-01T08:44:05.979Z","https://gh.space.gov.rw/server/rest/services/Health_Facilities/FeatureServer/3","name_or_district_unmatched"
"","","","","28","{0A9A16EB-45E2-4469-A515-A09E6FC84669}","Mediasol Pharmacy","Gasabo","Remera","","","","30.1105548","-1.9586098","0.000","2021-10-06T10:00:00.000Z","2023-11-01T08:44:08.826Z","https://gh.space.gov.rw/server/rest/services/Health_Facilities/FeatureServer/3","name_or_district_unmatched"
"","NEW HOPE PHARMACY Ltd","GASABO","REMERA RUKIRI II","29","{4B962AE8-6E90-4D48-BDA6-543FFA5E1A45}","New Hope Pharmacy","Gasabo","Remera","","","","30.1107401","-1.9584045","0.000","2021-10-06T10:00:00.000Z","2023-11-01T08:44:09.719Z","https://gh.space.gov.rw/server/rest/services/Health_Facilities/FeatureServer/3","cell_mismatch_or_accuracy"
"","","","","31","{6BA3B36E-B35E-4AFF-ADFF-7915662E3B78}","Shaloom Pharmacy","Kicukiro","Kicukiro","","","","30.1003195","-1.9718706","0.000","2021-10-06T10:00:00.000Z","2023-11-01T12:55:05.280Z","https://gh.space.gov.rw/server/rest/services/Health_Facilities/FeatureServer/3","name_or_district_unmatched"
"","FAITH PHARMACY Ltd","KICUKIRO","KANOMBE KABEZA","32","{4CB687C6-ECAB-4514-8ECC-0D1A66B5BE1A}","Faith Pharmacy","Kicukiro","Kanombe","","","","30.1349857","-1.9762039","0.000","2021-10-06T10:00:00.000Z","2023-11-01T12:50:48.786Z","https://gh.space.gov.rw/server/rest/services/Health_Facilities/FeatureServer/3","cell_mismatch_or_accuracy"
"","","","","33","{3CEF44F2-37D8-49F5-8A71-F6AD1BD20022}","Pharmacy Best Choice","Kicukiro","Gatenga","","","","30.0920399","-1.9760898","0.000","2021-10-06T10:00:00.000Z","2023-11-01T08:55:59.344Z","https://gh.space.gov.rw/server/rest/services/Health_Facilities/FeatureServer/3","name_or_district_unmatched"
"","ISHYAKA PHARMACY Ltd","KICUKIRO","GIKONDO KINUNGA","34","{E07BEF5D-9447-4F66-BDAB-09585CB8AFE4}","Ishyaka Pharmacy","Kicukiro","Kanombe","","","","30.1210366","-1.9612834","0.000","2021-10-07T10:00:00.000Z","2023-11-01T12:50:54.292Z","https://gh.space.gov.rw/server/rest/services/Health_Facilities/FeatureServer/3","sector_mismatch_or_ambiguous"
"","ADRENALINE PHARMACY Ltd","KICUKIRO","KANOMBE KABEZA","35","{AE951801-7582-4F46-9960-B516D24FEA28}","Adrenaline Pharmacy","Kicukiro","Kanombe","","","","30.1257498","-1.9707032","0.000","2021-10-07T10:00:00.000Z","2023-11-01T12:50:57.326Z","https://gh.space.gov.rw/server/rest/services/Health_Facilities/FeatureServer/3","cell_mismatch_or_accuracy"
"","","","","36","{D17C4906-04BC-4A26-8BA9-59F94BD2ED52}","Orion Pharmacy","Kicukiro","Kanombe","","","","30.1504416","-1.9780797","0.000","2021-10-07T10:00:00.000Z","2023-11-01T12:52:15.254Z","https://gh.space.gov.rw/server/rest/services/Health_Facilities/FeatureServer/3","name_or_district_unmatched"
"","","","","37","{2FBC65BC-4F97-4A07-9A5D-3061DAC27339}","Pharmacy Du Progress","Kicukiro","Kigarama","Karugira","Umurimo","KK 31 Av","30.0766928","-1.9733275","3.000","2021-10-07T10:00:00.000Z","2023-11-01T08:58:38.194Z","https://gh.space.gov.rw/server/rest/services/Health_Facilities/FeatureServer/3","name_or_district_unmatched"
"","GOLF PHARMACY","KICUKIRO","NYARUGUNGA KAMASHASHI","39","{04081143-74A6-4219-99CD-3D6C1CD5EB78}","Golf Pharmacy Ltd","Kicukiro","Kicukiro","Kicukiro","Kicukiro","NR 5","30.1049653","-1.9785105","3.900","2021-10-07T10:00:00.000Z","2023-11-01T08:59:43.610Z","https://gh.space.gov.rw/server/rest/services/Health_Facilities/FeatureServer/3","sector_mismatch_or_ambiguous"
"","","","","40","{7A0AC379-5163-4C09-854A-243DDE7C51A9}","Dorce & Bella Pharmacy","Gasabo","Remera","","","","30.1165470","-1.9562739","0.000","2021-10-07T10:00:00.000Z","2023-11-01T09:00:10.267Z","https://gh.space.gov.rw/server/rest/services/Health_Facilities/FeatureServer/3","name_or_district_unmatched"
"","PHARMACIE HAMPHAR Ltd","GASABO","KACYIRU KAMUTWA","41","{57DDB710-25BB-455E-AD39-A1090A4C1E96}","Hamphar Pharmacy","Gasabo","Kacyiru","","","","30.0770121","-1.9396605","0.000","2021-10-07T10:00:00.000Z","2023-11-01T13:04:44.789Z","https://gh.space.gov.rw/server/rest/services/Health_Facilities/FeatureServer/3","cell_mismatch_or_accuracy"
"","EZOS PHARMACY Ltd","GASABO","KACYIRU KAMUTWA","42","{4A32F616-DD6E-4A29-8744-416C18840C33}","Ezos Pharmacy","Gasabo","Kacyiru","","","","30.0774966","-1.9390455","0.000","2021-10-07T10:00:00.000Z","2023-11-01T13:05:11.756Z","https://gh.space.gov.rw/server/rest/services/Health_Facilities/FeatureServer/3","cell_mismatch_or_accuracy"
"","","","","43","{C8DD5A12-9BE8-40BB-AD05-B3B649AC3524}","JM Pharmacy","Gasabo","Kacyiru","Kamatamu","Nyagacyamo","KG 559 St","30.0942799","-1.9453702","2.000","2021-10-09T10:00:00.000Z","2023-11-01T09:20:15.037Z","https://gh.space.gov.rw/server/rest/services/Health_Facilities/FeatureServer/3","name_or_district_unmatched"
"","DENA PHARMACY Ltd","GASABO","REMERA RUKIRI I","44","{606C0DBF-5213-439A-85FF-FD1AE76B08C5}","Dena Pharmacy","Gasabo","Remera","Nyabisindu","Kinunga","KG 213 St","30.1107906","-1.9546067","4.500","2021-10-09T10:00:00.000Z","2023-11-01T09:20:20.424Z","https://gh.space.gov.rw/server/rest/services/Health_Facilities/FeatureServer/3","cell_mismatch_or_accuracy"
"","ASHERI PHARMACY Ltd","KICUKIRO","NYARUGUNGA NKOKO","45","{FE538D17-BDEF-42FC-80F8-6B84788123F8}","Asheri Pharmacy","Kicukiro","Nyarugunga","Nonko","Nyarutovu","KK 20 Av","30.1561118","-1.9771522","1.500","2021-10-09T10:00:00.000Z","2023-11-01T10:11:59.273Z","https://gh.space.gov.rw/server/rest/services/Health_Facilities/FeatureServer/3","cell_mismatch_or_accuracy"
"","","","","47","{FFE02537-7193-4B3D-9BB3-291AD24937E6}","Josephar Pharmacy","Gasabo","Gisozi","Musezero","Gasharu","KG 33 Av","30.0658503","-1.9146583","2.500","2021-10-09T10:00:00.000Z","2023-11-01T09:20:42.364Z","https://gh.space.gov.rw/server/rest/services/Health_Facilities/FeatureServer/3","name_or_district_unmatched"
"","","","","48","{111D398E-2490-4E73-AF95-470839CADBE5}","Jordan Pharmacy","Gasabo","Gisozi","Musezero","Gasharu","KK 33 Av","30.0662171","-1.9148078","2.500","2021-10-09T10:00:00.000Z","2023-11-01T09:20:46.256Z","https://gh.space.gov.rw/server/rest/services/Health_Facilities/FeatureServer/3","name_or_district_unmatched"
"","","","","49","{8B5D7491-8959-41D6-97EC-B167DB3A9FBA}","Amayi Pharmacy","Gasabo","Gisozi","Musezero","Gasharu","KK 33 Av","30.0670085","-1.9151509","3.000","2021-10-09T10:00:00.000Z","2023-11-01T09:20:47.821Z","https://gh.space.gov.rw/server/rest/services/Health_Facilities/FeatureServer/3","name_or_district_unmatched"
"","","","","50","{0EA3A789-F5D0-4D5D-8983-508F6726AC3D}","Medivbe Pharmacy","Gasabo","Gisozi","Ruhango","Umurava","KG 14 Av","30.0546046","-1.9243094","3.500","2021-10-09T10:00:00.000Z","2023-11-01T09:20:53.298Z","https://gh.space.gov.rw/server/rest/services/Health_Facilities/FeatureServer/3","name_or_district_unmatched"
"","","","","53","{4DC0AE84-7E38-42A6-84F4-8CCB324CEC00}","Ydda Pharmacy","Kicukiro","Nyarugunga","Kamashashi","Umucyo","","30.1676344","-1.9762997","1.500","2021-10-09T10:00:00.000Z","2023-11-01T10:12:33.517Z","https://gh.space.gov.rw/server/rest/services/Health_Facilities/FeatureServer/3","name_or_district_unmatched"
"","SABANS PHARMACY Limited","KICUKIRO","KANOMBE KABEZA","54","{0F97F098-6C08-4846-9D14-8D78862D3079}","Sabans Pharmacy","Kicukiro","Nyarugunga","Kamashashi","Umucyo","","30.1675141","-1.9762610","1.000","2021-10-09T10:00:00.000Z","2023-11-01T10:12:34.367Z","https://gh.space.gov.rw/server/rest/services/Health_Facilities/FeatureServer/3","sector_mismatch_or_ambiguous"
"","","","","55","{576AE351-0173-4F7A-9337-E19C1E93697F}","Mediasol Pharmacy","Kicukiro","Nyarugunga","Kamashashi","Umucyo","","30.1666845","-1.9758093","2.500","2021-10-09T10:00:00.000Z","2023-11-01T10:12:40.158Z","https://gh.space.gov.rw/server/rest/services/Health_Facilities/FeatureServer/3","name_or_district_unmatched"
"","","","","56","{0148988C-2E1C-42F1-8BB2-C042E9E0CE5C}","Baobab Pharmacy","Kicukiro","Nyarugunga","Kamashashi","Umucyo","KK 11 Av","30.1679930","-1.9763658","2.500","2021-10-09T10:00:00.000Z","2023-11-01T10:12:41.016Z","https://gh.space.gov.rw/server/rest/services/Health_Facilities/FeatureServer/3","name_or_district_unmatched"
"","RITE PHARMACY Ltd","KICUKIRO","KANOMBE KABEZA","58","{87188EAE-CD79-4F64-9228-031522BFD96E}","Rite Pharmacy","Kicukiro","Nyarugunga","Kamashashi","Uruhongore","KK 80 St","30.1692424","-1.9766664","2.500","2021-10-09T10:00:00.000Z","2023-11-01T10:12:50.861Z","https://gh.space.gov.rw/server/rest/services/Health_Facilities/FeatureServer/3","sector_mismatch_or_ambiguous"
"","","","","59","{C643BC9F-9293-4EE5-9118-FBFE2225335D}","Muhire Pharmacy","Kicukiro","Nyarugunga","Kamashashi","Uruhongore","KK 80 St","30.1689358","-1.9765312","4.000","2021-10-09T10:00:00.000Z","2023-11-01T10:12:51.785Z","https://gh.space.gov.rw/server/rest/services/Health_Facilities/FeatureServer/3","name_or_district_unmatched"
"","","","","60","{88971049-A7BF-4CB1-B995-2F2C4F762340}","Pfg Pharmacy","Kicukiro","Gatenga","Nyanza","Juru","KK 383 St","30.0964845","-1.9907626","2.000","2021-10-09T10:00:00.000Z","2023-11-01T10:12:58.680Z","https://gh.space.gov.rw/server/rest/services/Health_Facilities/FeatureServer/3","name_or_district_unmatched"
"","","","","62","{DE068794-AE2F-4D64-8745-518B90EB88D8}","Mirra Pharmacy","Kicukiro","Gatenga","Nyanza","Juru","KK 541 St","30.0960792","-1.9904865","3.000","2021-10-09T10:00:00.000Z","2023-11-01T10:13:04.166Z","https://gh.space.gov.rw/server/rest/services/Health_Facilities/FeatureServer/3","name_or_district_unmatched"
"","","","","64","{61573AE6-C3BB-4B6C-BB40-DB9B124FC16B}","Pharmacy Score B 2","Gasabo","Remera","Rukiri I","Gisimenti","KG 173 St","30.1121179","-1.9603339","3.000","2021-10-11T10:00:00.000Z","2023-11-01T09:22:07.051Z","https://gh.space.gov.rw/server/rest/services/Health_Facilities/FeatureServer/3","name_or_district_unmatched"
"","","","","65","{688AF35C-E943-4A0C-A53D-3D04A4FD7EF9}","Adamson Pharmacy","Gasabo","Remera","Rukiri I","Gisimenti","KG 177 St","30.1117295","-1.9606454","3.500","2021-10-11T10:00:00.000Z","2023-11-01T09:22:07.553Z","https://gh.space.gov.rw/server/rest/services/Health_Facilities/FeatureServer/3","name_or_district_unmatched"
"","","","","66","{DD853BC8-BBCE-49BA-9394-0081519D5CEA}","Continentare Pharmacy ","Gasabo","Remera","Rukiri I","Gisimenti","KG 1 Av","30.1074600","-1.9606753","3.000","2021-10-09T10:00:00.000Z","2023-11-01T09:22:09.215Z","https://gh.space.gov.rw/server/rest/services/Health_Facilities/FeatureServer/3","name_or_district_unmatched"
"","","","","70","{9E042857-BAB9-4FD8-97B4-ED66FC9CBFE5}","Pharmacy Elon","Gasabo","Kacyiru","Kibaza","Iriba","KG 14 Av","30.0645135","-1.9301099","2.500","2021-10-11T10:00:00.000Z","2023-11-01T09:24:29.843Z","https://gh.space.gov.rw/server/rest/services/Health_Facilities/FeatureServer/3","name_or_district_unmatched"
"","","","","71","{5500D70D-666A-425A-B096-2AC5F45B7CA1}","Exterm Pharmacy","Kicukiro","Kicukiro","Kicukiro","Gasave","NR 5","30.1048856","-1.9780451","3.900","2021-10-11T10:00:00.000Z","2023-11-01T10:14:11.684Z","https://gh.space.gov.rw/server/rest/services/Health_Facilities/FeatureServer/3","name_or_district_unmatched"
"","","","","72","{2C1AC108-4B75-49C7-94A7-DC37645F67C3}","Rwarubukira Pharmacy","Kicukiro","Kigarama","Nyarurama","Rebero","KK 4 Av","30.0498814","-1.9973335","3.000","2021-10-11T10:00:00.000Z","2023-11-01T10:14:16.009Z","https://gh.space.gov.rw/server/rest/services/Health_Facilities/FeatureServer/3","name_or_district_unmatched"
"","","","","76","{A1D2CEB9-3075-486F-9DEF-A8079C8D562A}","Paniel Pharmacy","Nyarugenge","Muhima","Kabasengerezi","Ikana","KN 86 St","30.0593801","-1.9413169","1.500","2021-10-12T10:00:00.000Z","2023-11-01T10:39:06.039Z","https://gh.space.gov.rw/server/rest/services/Health_Facilities/FeatureServer/3","name_or_district_unmatched"
"","","","","78","{B6CAE33A-590C-4635-9982-F9EA152B27AF}","Safacare  Pharmacy","Nyarugenge","Nyarugenge","Biryogo","Gabiro","KN 119 St","30.0599595","-1.9643075","2.000","2021-10-12T10:00:00.000Z","2023-11-01T10:39:23.765Z","https://gh.space.gov.rw/server/rest/services/Health_Facilities/FeatureServer/3","name_or_district_unmatched"
"","","","","80","{24CE5647-059A-4BC0-ACDA-EAEA2BC7ADB2}","Mini Pharmacy","Nyarugenge","Nyarugenge","Biryogo","Gabiro","","30.0595428","-1.9655853","2.000","2021-10-12T10:00:00.000Z","2023-11-01T10:39:25.639Z","https://gh.space.gov.rw/server/rest/services/Health_Facilities/FeatureServer/3","name_or_district_unmatched"
"","","","","82","{D63B7942-954C-44AB-8EA4-49A65EBB42DD}","Sanophar Pharmacy","Nyarugenge","Muhima","Tetero","Intiganda","KN 93 St","30.0475934","-1.9408219","3.500","2021-10-12T10:00:00.000Z","2023-11-01T10:39:48.792Z","https://gh.space.gov.rw/server/rest/services/Health_Facilities/FeatureServer/3","name_or_district_unmatched"
"","CHAPPEDELINE PHARMACY Ltd","GASABO","KINYINYA KARAMA","86","{6BB9C253-D988-4705-9DF9-D010C71B53D2}","CHAPPEDELINE PHARMACY","Gasabo","Kinyinya","Gasharu","Gasharu","","30.1281958","-1.9064610","4.500","2021-10-13T10:00:00.000Z","2023-11-01T09:29:20.032Z","https://gh.space.gov.rw/server/rest/services/Health_Facilities/FeatureServer/3","cell_mismatch_or_accuracy"
"","","","","89","{F1949900-DB12-44E8-8DA5-6E86D8C60DC8}","Deuphar Pharmacy ","Nyarugenge","Kimisagara","Katabaro","Akishuri","KN 20 Ave","30.0506383","-1.9501435","3.900","2021-10-13T10:00:00.000Z","2023-11-01T10:40:33.365Z","https://gh.space.gov.rw/server/rest/services/Health_Facilities/FeatureServer/3","name_or_district_unmatched"
"","","","","90","{F8DFB6EF-5D76-49CB-BB96-4BFF29FB781A}","Pharmacy Umurava","Nyarugenge","Rwezamenyo","Rwezamenyo II","Amahoro","KN 302 St","30.0528833","-1.9759266","5.500","2021-10-13T10:00:00.000Z","2023-11-01T10:40:41.136Z","https://gh.space.gov.rw/server/rest/services/Health_Facilities/FeatureServer/3","name_or_district_unmatched"
"","","","","93","{44D7C91B-12A4-4076-B6C7-2C9C27667A97}","El Dolado Pharmacy","Nyarugenge","Nyakabanda","Munanira I","Kabusunzu","DR 71","30.0552383","-1.9610298","3.000","2021-10-13T10:00:00.000Z","2023-11-01T10:40:57.093Z","https://gh.space.gov.rw/server/rest/services/Health_Facilities/FeatureServer/3","name_or_district_unmatched"
"","","","","94","{1DF992D6-B2C4-4034-B553-6106E7D197D9}","Nasa Pharmacy ltd","Gasabo","Kinyinya","Kagugu","Dusenyi","KG 850 St","30.0843788","-1.8979304","2.000","2021-10-13T10:00:00.000Z","2023-11-01T09:30:13.527Z","https://gh.space.gov.rw/server/rest/services/Health_Facilities/FeatureServer/3","name_or_district_unmatched"
"","","","","95","{4FB41E9F-E0A4-4294-B332-B5D3569C9F6C}","The standard Pharmacy","Gasabo","Kacyiru","Kamutwa","Urwibutso","KN 8 Ave","30.0636963","-1.9305282","2.500","2021-10-13T10:00:00.000Z","2023-11-01T09:30:26.225Z","https://gh.space.gov.rw/server/rest/services/Health_Facilities/FeatureServer/3","name_or_district_unmatched"
"","BRUCE PHARMACY Ltd","GASABO","KIMIRONKO KIBAGABAGA","96","{A64B87AB-D804-46C5-9D66-13CC8DCB9EB6}","Bruce Pharmacy","Gasabo","Kacyiru","Kamutwa","Urwibutso","KN 8 Ave","30.0624446","-1.9324543","2.500","2021-10-13T10:00:00.000Z","2023-11-01T09:30:26.596Z","https://gh.space.gov.rw/server/rest/services/Health_Facilities/FeatureServer/3","sector_mismatch_or_ambiguous"
"","","","","97","{A0607166-DD9D-4919-9EA8-6D53DB1059D8}","Profession in heath Pharmacy","Gasabo","Kacyiru","Kamutwa","Inkingi","KN 8 Ave","30.0619579","-1.9332893","3.000","2021-10-13T10:00:00.000Z","2023-11-01T09:30:30.820Z","https://gh.space.gov.rw/server/rest/services/Health_Facilities/FeatureServer/3","name_or_district_unmatched"
"","","","","100","{2E6A7A90-FB5A-416C-B659-9EF6F7A02363}","Get well Pharmacy","Gasabo","Kacyiru","Kamutwa","Inkingi","KN 12 St","30.0633716","-1.9352338","2.500","2021-10-13T10:00:00.000Z","2023-11-01T09:30:33.444Z","https://gh.space.gov.rw/server/rest/services/Health_Facilities/FeatureServer/3","name_or_district_unmatched"
"","","","","101","{977D2E73-4F9D-45B0-82ED-54761F82AFF7}","Eureka Pharmacy","Nyarugenge","Kimisagara","Kimisagara","Akabeza","","30.0445482","-1.9421713","4.466","2021-10-13T10:00:00.000Z","2023-11-01T10:43:11.094Z","https://gh.space.gov.rw/server/rest/services/Health_Facilities/FeatureServer/3","name_or_district_unmatched"
"","","","","102","{A3804B34-939C-48BD-82CA-85E97CB44984}","Pharmacy Plus","Nyarugenge","Kimisagara","Kimisagara","Akabeza","","30.0456892","-1.9415842","5.360","2021-10-13T10:00:00.000Z","2023-11-01T10:43:15.832Z","https://gh.space.gov.rw/server/rest/services/Health_Facilities/FeatureServer/3","name_or_district_unmatched"
"","ANGEL PHARMACY Ltd","NYARUGENGE","RWEZAMENYO KABUGURU","104","{CCC3E5F6-4836-4245-81AD-3B28C1941577}","Angel Pharmacy","Nyarugenge","Rwezamenyo","Kabuguru I","Mumararungu","KN 20 Ave","30.0552350","-1.9606748","3.900","2021-10-13T10:00:00.000Z","2023-11-01T10:44:06.975Z","https://gh.space.gov.rw/server/rest/services/Health_Facilities/FeatureServer/3","cell_mismatch_or_accuracy"
"","","","","105","{CF476BCC-D761-4256-A44D-3586F19E5EFC}","Kwetu Pharmacy","Nyarugenge","Rwezamenyo","Rwezamenyo II","Amahoro","KN 176 St","30.0539454","-1.9745479","4.500","2021-10-14T10:00:00.000Z","2023-11-01T10:45:26.872Z","https://gh.space.gov.rw/server/rest/services/Health_Facilities/FeatureServer/3","name_or_district_unmatched"
"","","","","106","{7995AAE6-ACEB-4F4A-8496-984DE30074BF}","Impress Pharmacy","Nyarugenge","Rwezamenyo","Rwezamenyo II","Amahoro","KN 176 St","30.0539782","-1.9747475","4.500","2021-10-14T10:00:00.000Z","2023-11-01T10:45:27.463Z","https://gh.space.gov.rw/server/rest/services/Health_Facilities/FeatureServer/3","name_or_district_unmatched"
"","","","","107","{B8A54AA5-0AA1-41CA-9D2D-81836ACC966F}","MEDPLUS Pharmacy","Nyarugenge","Rwezamenyo","Rwezamenyo II","Amahoro","KN 178 St","30.0527833","-1.9761542","9.500","2021-10-14T10:00:00.000Z","2023-11-01T10:45:37.083Z","https://gh.space.gov.rw/server/rest/services/Health_Facilities/FeatureServer/3","name_or_district_unmatched"
"","","","","108","{94B526E0-764B-4B0C-808F-DB9BC36ABCC3}","Prayer Pharmacy","Gasabo","Kacyiru","Kibaza","Ihuriro","KG 574 St","30.0814126","-1.9363049","3.000","2021-10-14T10:00:00.000Z","2023-11-01T09:31:06.726Z","https://gh.space.gov.rw/server/rest/services/Health_Facilities/FeatureServer/3","name_or_district_unmatched"
"","","","","111","{EC6FB244-881A-4B74-8D5E-11E33B0680A7}","Turame Pharmacy","Nyarugenge","Nyamirambo","Cyivugiza","Imanzi","KN 257 St","30.0423573","-1.9813262","2.000","2021-10-14T10:00:00.000Z","2023-11-01T10:46:07.988Z","https://gh.space.gov.rw/server/rest/services/Health_Facilities/FeatureServer/3","name_or_district_unmatched"
"","","","","112","{22F468C4-4017-4D9A-9C62-2B191394B3FA}","Healthland Pharmacy","Nyarugenge","Nyamirambo","Cyivugiza","Mpano","KN 247 St","30.0438751","-1.9796295","2.000","2021-10-14T10:00:00.000Z","2023-11-01T10:46:09.375Z","https://gh.space.gov.rw/server/rest/services/Health_Facilities/FeatureServer/3","name_or_district_unmatched"
"","EL -SHADAI PHARMACY LTD","GASABO","NDUBA GATUNGA","114","{4026986F-6F7D-42FA-AD08-85D653D24AE3}","El Shadai Pharmacy","Gasabo","Kinyinya","Kagugu","Kabuhunde I","KG 14 Av","30.0853467","-1.9127145","1.500","2021-10-14T10:00:00.000Z","2023-11-01T09:31:12.023Z","https://gh.space.gov.rw/server/rest/services/Health_Facilities/FeatureServer/3","sector_mismatch_or_ambiguous"
"","","","","115","{D5571885-0BDE-4BA7-AD05-E9B1FA59A19E}","Uwabena Pharmacy","Gasabo","Kinyinya","Kagugu","Kadobogo","KG 397 St","30.0763086","-1.9131417","1.500","2021-10-14T10:00:00.000Z","2023-11-01T09:31:13.769Z","https://gh.space.gov.rw/server/rest/services/Health_Facilities/FeatureServer/3","name_or_district_unmatched"
"","FADHIL PHARMACY LTD","NYARUGENGE","RWEZAMENYO RWEZAMENYO","119","{67181FC2-FEBD-488F-B8FC-F78E81CCDED9}","FADHIL Pharmacy","Nyarugenge","Rwezamenyo","Rwezamenyo I","Intwari","KN 2 Ave","30.0583859","-1.9672354","3.500","2021-10-14T10:00:00.000Z","2023-11-01T10:47:54.547Z","https://gh.space.gov.rw/server/rest/services/Health_Facilities/FeatureServer/3","cell_mismatch_or_accuracy"
"","","","","120","{2C19AB72-7956-4655-A798-453518CE5257}","Agape Pharmacy","Nyarugenge","Gitega","Kora","Kivumu","KN 94 St","30.0565795","-1.9507343","2.000","2021-10-14T10:00:00.000Z","2023-11-01T10:47:59.760Z","https://gh.space.gov.rw/server/rest/services/Health_Facilities/FeatureServer/3","name_or_district_unmatched"
"","","","","121","{D542AA91-2B16-4121-B6F4-012DAF72296F}","Strong Medica Pharmacy Ltd","Nyarugenge","Rwezamenyo","Rwezamenyo I","Abatarushwa","KN 2 Ave","30.0555825","-1.9723880","3.500","2021-10-14T10:00:00.000Z","2023-11-01T10:48:09.284Z","https://gh.space.gov.rw/server/rest/services/Health_Facilities/FeatureServer/3","name_or_district_unmatched"
"","","","","122","{A45030D2-E226-4DFB-8AD9-F53B96880937}","Health Pharmacy ","Nyarugenge","Nyarugenge","Kiyovu","Inyarurembo","KN 82 St","30.0569924","-1.9463422","2.500","2021-10-14T10:00:00.000Z","2023-11-01T10:48:35.794Z","https://gh.space.gov.rw/server/rest/services/Health_Facilities/FeatureServer/3","name_or_district_unmatched"
"","","","","123","{D2529821-71C0-4F01-9CE2-D13985579D3D}","Karo Pharmacy ","Nyarugenge","Nyarugenge","Kiyovu","Ishema","KN 82 St","30.0572774","-1.9464853","3.000","2021-10-14T10:00:00.000Z","2023-11-01T10:48:37.994Z","https://gh.space.gov.rw/server/rest/services/Health_Facilities/FeatureServer/3","name_or_district_unmatched"
"","","","","124","{F2FC136A-D59B-4489-B01F-5FD363E02D28}","Innov Pharmacy","Gasabo","Kacyiru","Kamutwa","Inkingi","KG 5 Av","30.0638959","-1.9354443","3.000","2021-10-14T10:00:00.000Z","2023-11-01T09:31:47.881Z","https://gh.space.gov.rw/server/rest/services/Health_Facilities/FeatureServer/3","name_or_district_unmatched"
"","PHARMACIE ESPERANCE Ltd","NYARUGENGE","KIMISAGARA NYABUGOGO","125","{E6DAD41C-75C3-4A76-B187-08E28AB88F59}","Pharmacy Esperance","Nyarugenge","Kimisagara","Kimisagara","Akabeza","","30.0447983","-1.9426189","4.288","2021-10-15T10:00:00.000Z","2023-11-01T10:49:59.245Z","https://gh.space.gov.rw/server/rest/services/Health_Facilities/FeatureServer/3","cell_mismatch_or_accuracy"
"","","","","126","{056E4E58-FCBF-40CB-B628-732A3C51BA53}","Kumera Pharmacy Kimisagara Branch","Nyarugenge","Kimisagara","Kimisagara","Sano","","30.0455177","-1.9437438","3.900","2021-10-15T10:00:00.000Z","2023-11-01T10:50:16.041Z","https://gh.space.gov.rw/server/rest/services/Health_Facilities/FeatureServer/3","name_or_district_unmatched"
"","","","","127","{85B049D2-91FA-4081-9C4B-5CED058B6B96}","ACTIVIS PHARMACY","Nyarugenge","Rwezamenyo","Rwezamenyo II","Urumuri","KN 326 St","30.0520846","-1.9767197","3.000","2021-10-15T10:00:00.000Z","2023-11-01T10:50:20.408Z","https://gh.space.gov.rw/server/rest/services/Health_Facilities/FeatureServer/3","name_or_district_unmatched"
"","UNION PHARMACY Ltd","GASABO","RUSORORO CYIMO","129","{A3D19007-8A7B-4B62-A4A9-372A1D49BF29}","Union Pharmacy","Gasabo","Rusororo","Nyagahinga","Nyarucundura","","30.2216359","-1.9794415","4.288","2021-10-15T10:00:00.000Z","2023-11-01T09:32:16.101Z","https://gh.space.gov.rw/server/rest/services/Health_Facilities/FeatureServer/3","cell_mismatch_or_accuracy"
"","","","","130","{5EC55DD4-2044-4A13-B911-EB2662DDDE62}","Pharmacy Health","Gasabo","Rusororo","Kabuga I","Kabeza","NR 4","30.2244103","-1.9799530","3.216","2021-10-15T10:00:00.000Z","2023-11-01T09:32:34.094Z","https://gh.space.gov.rw/server/rest/services/Health_Facilities/FeatureServer/3","name_or_district_unmatched"
"","","","","132","{58181112-7E26-434C-BA3E-470475CBDFE3}","Stream  Pharmacy","Kicukiro","Gikondo","Kagunga","Gatare","KK 567 St","30.0810088","-1.9828367","3.000","2021-10-15T10:00:00.000Z","2023-11-01T10:18:51.021Z","https://gh.space.gov.rw/server/rest/services/Health_Facilities/FeatureServer/3","name_or_district_unmatched"
"","","","","135","{EB6F3090-6003-4DED-A42D-3DC830656D0F}","Just Pharmacy","Gasabo","Kinyinya","Kagugu","Kabuhunde I","KG 14 Av","30.0871155","-1.9135537","2.500","2021-10-15T10:00:00.000Z","2023-11-01T09:33:35.212Z","https://gh.space.gov.rw/server/rest/services/Health_Facilities/FeatureServer/3","name_or_district_unmatched"
"","","","","136","{DEEB2A60-1FAC-4D37-A51A-6173E0F8796D}","Bonitas Dai Pharmacy","Gasabo","Kinyinya","Kagugu","Kabuhunde I","KG 14 Av","30.0868591","-1.9131306","2.000","2021-10-15T10:00:00.000Z","2023-11-01T09:33:36.274Z","https://gh.space.gov.rw/server/rest/services/Health_Facilities/FeatureServer/3","name_or_district_unmatched"
"","","","","137","{BC889087-4966-4895-8580-993D17324738}","Zeo Pharmacy","Gasabo","Kimihurura","Kimihurura","Rugarama","KG 668 St","30.0796411","-1.9568101","2.000","2021-10-15T10:00:00.000Z","2023-11-01T09:33:43.710Z","https://gh.space.gov.rw/server/rest/services/Health_Facilities/FeatureServer/3","name_or_district_unmatched"
"","","","","138","{3C42CBC6-B675-46E6-819E-5BBA5405D8AC}","Special Life Pharmacy","Kicukiro","Masaka","Cyimo","Kabeza","","30.2129498","-1.9924744","3.900","2021-10-16T10:00:00.000Z","2023-11-01T10:20:19.294Z","https://gh.space.gov.rw/server/rest/services/Health_Facilities/FeatureServer/3","name_or_district_unmatched"
"","","","","139","{EEFB5D01-A4B2-434B-8B68-5F2562CCA809}","Apothecary Pharmacy","Kicukiro","Masaka","Cyimo","Kabeza","","30.2029601","-1.9934672","3.900","2021-10-16T10:00:00.000Z","2023-11-01T10:20:22.421Z","https://gh.space.gov.rw/server/rest/services/Health_Facilities/FeatureServer/3","name_or_district_unmatched"
"","","","","140","{AE943CEF-49A3-4500-BE13-8E58F8607AA0}","PHARMACY REMEDIUM","Gasabo","Kinyinya","Gasharu","Rwankuba","","30.1277052","-1.9065063","6.000","2021-10-16T10:00:00.000Z","2023-11-01T09:34:50.548Z","https://gh.space.gov.rw/server/rest/services/Health_Facilities/FeatureServer/3","name_or_district_unmatched"
"","","","","141","{072CB078-AE37-4EA0-B4BC-EFFA50C60681}","Goodness Pharmacy","Nyarugenge","Nyamirambo","Rugarama","Tetero","KN 277 St","30.0489847","-1.9862458","3.900","2021-10-16T10:00:00.000Z","2023-11-01T10:53:44.984Z","https://gh.space.gov.rw/server/rest/services/Health_Facilities/FeatureServer/3","name_or_district_unmatched"
"","","","","143","{0B9C0E92-135F-4FC6-97B3-923E2B6D9D34}"," Apothecary Pharmacy","Gasabo","Rusororo","Kabuga I","Masango","NR 4","30.2243912","-1.9796648","3.216","2021-10-16T10:00:00.000Z","2023-11-01T09:35:19.119Z","https://gh.space.gov.rw/server/rest/services/Health_Facilities/FeatureServer/3","name_or_district_unmatched"
"","PHARMACIE LA TRINITE Ltd","KICUKIRO","MASAKA KABUGA","144","{92DEC9AC-9A70-4B58-B7C7-4C64FC1C418F}","Pharmacy La Trinite","Kicukiro","Masaka","Gako","Kabeza","","30.2254871","-1.9838767","2.000","2021-10-16T10:00:00.000Z","2023-11-01T10:20:54.731Z","https://gh.space.gov.rw/server/rest/services/Health_Facilities/FeatureServer/3","cell_mismatch_or_accuracy"
"","SEMU PHARMACY Ltd","KICUKIRO","NIBOYE GATARE","147","{F69CF080-2E4B-40C3-A83A-FB6C34C33B8B}","Semu Pharmacy","Kicukiro","Niboye","Niboye","Taba","KK 21 Av","30.1042919","-1.9738269","3.900","2021-10-17T10:00:00.000Z","2023-11-01T10:21:02.516Z","https://gh.space.gov.rw/server/rest/services/Health_Facilities/FeatureServer/3","cell_mismatch_or_accuracy"
"","","","","149","{F4D54EE7-96D5-409D-AA8C-B6F9FB8DE4CF}","Pharmacy Genova","Nyarugenge","Nyarugenge","Kiyovu","Inyarurembo","","30.0568959","-1.9445511","4.000","2021-10-16T10:00:00.000Z","2023-11-01T10:54:28.044Z","https://gh.space.gov.rw/server/rest/services/Health_Facilities/FeatureServer/3","name_or_district_unmatched"
"","","","","150","{81C77A3C-E9AB-4281-B203-0B221E3191D4}","Pharmacy ","Nyarugenge","Nyarugenge","Kiyovu","Inyarurembo","","30.0556141","-1.9455583","2.500","2021-10-16T10:00:00.000Z","2023-11-01T10:54:29.957Z","https://gh.space.gov.rw/server/rest/services/Health_Facilities/FeatureServer/3","name_or_district_unmatched"
"","","","","151","{18A01FAD-147D-4C75-BCAC-F69566069BC2}","Pax Pharmacy ","Nyarugenge","Nyarugenge","Kiyovu","Inyarurembo","","30.0571074","-1.9472480","2.000","2021-10-15T10:00:00.000Z","2023-11-01T10:54:31.898Z","https://gh.space.gov.rw/server/rest/services/Health_Facilities/FeatureServer/3","name_or_district_unmatched"
"","","","","152","{B1B033E0-41E2-405A-B86F-3BFA767D341B}","Doli Pharmacy Ltd ","Nyarugenge","Nyarugenge","Kiyovu","Inyarurembo","","30.0571074","-1.9472480","2.500","2021-10-15T10:00:00.000Z","2023-11-01T10:54:32.729Z","https://gh.space.gov.rw/server/rest/services/Health_Facilities/FeatureServer/3","name_or_district_unmatched"
"","","","","153","{814B7418-588C-4A77-B06D-57FE1545C846}","Pharmacy ","Nyarugenge","Nyarugenge","Kiyovu","Inyarurembo","","30.0571074","-1.9472480","2.500","2021-10-15T10:00:00.000Z","2023-11-01T10:54:33.868Z","https://gh.space.gov.rw/server/rest/services/Health_Facilities/FeatureServer/3","name_or_district_unmatched"
"","","","","154","{2776E451-123B-4FD9-B78E-4D82AB88FC4C}","Escorts Pharmacy ","Nyarugenge","Nyarugenge","Kiyovu","Inyarurembo","","30.0571039","-1.9472542","2.000","2021-10-15T10:00:00.000Z","2023-11-01T10:54:42.190Z","https://gh.space.gov.rw/server/rest/services/Health_Facilities/FeatureServer/3","name_or_district_unmatched"
"","","","","155","{B6044C4A-36FB-4101-BD24-D0D7800DAE2E}","Abacus Pharmacy","Nyarugenge","Nyarugenge","Kiyovu","Inyarurembo","","30.0570210","-1.9472816","7.500","2021-10-15T10:00:00.000Z","2023-11-01T10:54:45.954Z","https://gh.space.gov.rw/server/rest/services/Health_Facilities/FeatureServer/3","name_or_district_unmatched"
"","","","","156","{133FBD31-2269-4354-A58E-52D0C9BB3BCC}","Welcome Pharmacy","Kicukiro","Kanombe","Kabeza","Akagera","KK 18 Av","30.1224974","-1.9705619","9.000","2021-10-17T10:00:00.000Z","2023-11-01T10:21:03.564Z","https://gh.space.gov.rw/server/rest/services/Health_Facilities/FeatureServer/3","name_or_district_unmatched"
"","DEPHAR PHARMACY LTD","KICUKIRO","GAHANGA NYANZA","158","{378E96B1-6258-4611-A528-4FD882950BD4}","Dephar Pharmacy","Kicukiro","Gahanga","Karembure","Karembure","KK 32 Av","30.0902332","-2.0108799","1.500","2021-10-17T10:00:00.000Z","2023-11-01T08:33:21.814Z","https://gh.space.gov.rw/server/rest/services/Health_Facilities/FeatureServer/3","cell_mismatch_or_accuracy"
"","MEDIASOL PHARMACY Ltd","NYARUGENGE","NYARUGENGE KIGALI CELL IN T2000","159","{839D0E63-B263-4410-913B-7B87E79123EB}","Mediasol Pharmacy","Nyarugenge","Nyarugenge","Kiyovu","Inyarurembo","KN 82 St","30.0588530","-1.9431413","3.000","2021-10-17T10:00:00.000Z","2023-11-01T10:54:55.463Z","https://gh.space.gov.rw/server/rest/services/Health_Facilities/FeatureServer/3","cell_mismatch_or_accuracy"
"","","","","163","{28591DB3-E535-40AD-9BD6-BF850B3B71B6}","Sana Pharmacy","Nyarugenge","Nyarugenge","Kiyovu","Inyarurembo","KN 70 St","30.0590742","-1.9445502","2.000","2021-10-17T10:00:00.000Z","2023-11-01T10:54:59.473Z","https://gh.space.gov.rw/server/rest/services/Health_Facilities/FeatureServer/3","name_or_district_unmatched"
"","","","","164","{59D7A974-E933-4015-8291-3D13F7B555D3}","Legende Pharmacy Ltd","Nyarugenge","Nyamirambo","Cyivugiza","Karisimbi","KN 9 Ave","30.0492983","-1.9822161","2.000","2021-10-18T10:00:00.000Z","2023-11-01T10:55:39.243Z","https://gh.space.gov.rw/server/rest/services/Health_Facilities/FeatureServer/3","name_or_district_unmatched"
"","","","","167","{072A230B-F6CD-4CA0-8591-5A595A510A7D}","Ethia Pharmacy ","Gasabo","Bumbogo","Kinyaga","Zindiro","DR 71","30.1423137","-1.9321302","3.900","2021-10-18T10:00:00.000Z","2023-11-01T09:36:47.222Z","https://gh.space.gov.rw/server/rest/services/Health_Facilities/FeatureServer/3","name_or_district_unmatched"
"","","","","168","{E2E1E72F-26D7-4526-ABDD-4B11011D327B}","Ineza Pharmacy ","Gasabo","Bumbogo","Kinyaga","Zindiro","DR 71","30.1402698","-1.9291444","3.900","2021-10-18T10:00:00.000Z","2023-11-01T09:36:52.662Z","https://gh.space.gov.rw/server/rest/services/Health_Facilities/FeatureServer/3","name_or_district_unmatched"
"","","","","169","{F2324A97-A735-4D3F-B1FD-C65A7F44691A}","Amiphar Pharmacy","Nyarugenge","Nyamirambo","Rugarama","Rugarama","","30.0502511","-1.9951464","3.900","2021-10-18T10:00:00.000Z","2023-11-01T10:56:34.911Z","https://gh.space.gov.rw/server/rest/services/Health_Facilities/FeatureServer/3","name_or_district_unmatched"
"","","","","171","{FDC5BD97-7CE7-4901-9486-890DF9F85CF0}","Ishema Pharmacy","Nyarugenge","Nyarugenge","Kiyovu","Inyarurembo","KN 4 Ave","30.0592467","-1.9415143","3.000","2021-10-18T10:00:00.000Z","2023-11-01T10:56:42.714Z","https://gh.space.gov.rw/server/rest/services/Health_Facilities/FeatureServer/3","name_or_district_unmatched"
"","","","","176","{3A7F4136-71B7-4E04-860D-F549E3B3D22E}","PharmacynGahoreho","Kicukiro","Gahanga","Gahanga","Rinini","","30.1047285","-2.0258714","2.500","2021-10-18T10:00:00.000Z","2023-11-01T08:33:21.814Z","https://gh.space.gov.rw/server/rest/services/Health_Facilities/FeatureServer/3","name_or_district_unmatched"
"","","","","179","{EAEAA60C-F44F-4948-BF89-DFFAC5FBF9A1}","Rwarubukira Pharmacy","Nyarugenge","Nyamirambo","Rugarama","Kiberinka","","30.0496289","-1.9971872","3.583","2021-10-19T10:00:00.000Z","2023-11-01T10:57:18.866Z","https://gh.space.gov.rw/server/rest/services/Health_Facilities/FeatureServer/3","name_or_district_unmatched"
"","","","","181","{8D4CE84A-D886-4B13-8BBC-774218D3A0FE}","Bio Care Pharmacy","Gasabo","Rusororo","Kabuga I","Kabeza","","30.2257803","-1.9804438","3.216","2021-10-19T10:00:00.000Z","2023-11-01T09:40:13.432Z","https://gh.space.gov.rw/server/rest/services/Health_Facilities/FeatureServer/3","name_or_district_unmatched"
"","","","","182","{87AFBDE7-3DF2-4CB7-B4DA-BEE071BC3654}","Yohovanis Pharmacy","Gasabo","Rusororo","Kabuga I","Kabeza","","30.2261336","-1.9823636","3.216","2021-10-19T10:00:00.000Z","2023-11-01T09:40:15.969Z","https://gh.space.gov.rw/server/rest/services/Health_Facilities/FeatureServer/3","name_or_district_unmatched"
"","","","","184","{497C0300-7D42-474B-80AB-CC9A36384795}","Pharmacy Unique","Nyarugenge","Nyarugenge","Kiyovu","Imena","KN 4 Ave","30.0608041","-1.9541473","2.500","2021-10-19T10:00:00.000Z","2023-11-01T10:57:30.293Z","https://gh.space.gov.rw/server/rest/services/Health_Facilities/FeatureServer/3","name_or_district_unmatched"
"","","","","185","{96005A20-765A-45F0-9DA5-3CA06E33DCAA}","Helpful Pharmacy","Gasabo","Jabana","Bweramvura","Gitega","","30.0458983","-1.8683624","3.900","2021-10-20T10:00:00.000Z","2023-11-01T09:41:20.954Z","https://gh.space.gov.rw/server/rest/services/Health_Facilities/FeatureServer/3","name_or_district_unmatched"
"","","","","186","{3E4976E3-E715-4511-97FD-F4DE7F898392}","Isange Pharmacy","Nyarugenge","Nyamirambo","Mumena","Akanyirazaninka","KN 9 Ave","30.0497916","-1.9814074","2.500","2021-10-20T10:00:00.000Z","2023-11-01T11:47:42.209Z","https://gh.space.gov.rw/server/rest/services/Health_Facilities/FeatureServer/3","name_or_district_unmatched"
"","","","","187","{5706B4AB-68F2-4620-BD58-942148F8F0A0}","St Denyse Pharmacy","Gasabo","Jabana","Kabuye","Karuruma","","30.0523986","-1.9029438","2.500","2021-10-20T10:00:00.000Z","2023-11-01T09:42:11.283Z","https://gh.space.gov.rw/server/rest/services/Health_Facilities/FeatureServer/3","name_or_district_unmatched"
"","","","","189","{C9D087E6-119C-4146-ABFE-10E09659CB67}","Pharmacy Tendresse","Kicukiro","Gahanga","Gahanga","Gahanga","","30.1035942","-2.0275097","1.500","2021-10-20T10:00:00.000Z","2023-11-01T08:33:21.814Z","https://gh.space.gov.rw/server/rest/services/Health_Facilities/FeatureServer/3","name_or_district_unmatched"
"","ISARO PHARMACY Limited","GASABO","BUMBOGO NYABIKENYE","190","{B88EF98E-BDD0-485B-AD2F-66CF8F09A2B4}","Isaro Pharmacy","Gasabo","Bumbogo","Nyabikenke","Kayenzi","","30.1319352","-1.9136944","2.000","2021-10-20T10:00:00.000Z","2023-11-01T09:43:22.954Z","https://gh.space.gov.rw/server/rest/services/Health_Facilities/FeatureServer/3","cell_mismatch_or_accuracy"
"","","","","192","{3183EF2E-8C44-4803-B6F7-120B2F2D62D6}","Ramirubuzu  Pharmacy","Nyarugenge","Kigali","Ruriba","Ruharabuge","","30.0160888","-1.9619922","2.500","2021-10-21T10:00:00.000Z","2023-11-01T11:49:38.812Z","https://gh.space.gov.rw/server/rest/services/Health_Facilities/FeatureServer/3","name_or_district_unmatched"
"","","","","193","{AA8DB65A-10AB-4751-A3E0-C70CA2CB41FC}","Pharmacy Nsanga","Gasabo","Jali","Agateko","Kinunga","","30.0490422","-1.9028362","3.900","2021-10-21T10:00:00.000Z","2023-11-01T09:47:54.054Z","https://gh.space.gov.rw/server/rest/services/Health_Facilities/FeatureServer/3","name_or_district_unmatched"
"","","","","195","{EEF02DD8-5FFF-4F77-8EB6-6D54AF469A5A}","Shifa Heathy care Pharmacy","Nyarugenge","Nyarugenge","Kiyovu","Inyarurembo","","30.0572899","-1.9464844","4.000","2021-10-21T10:00:00.000Z","2023-11-01T11:49:52.017Z","https://gh.space.gov.rw/server/rest/services/Health_Facilities/FeatureServer/3","name_or_district_unmatched"
"","","","","196","{2A5A8B14-DB38-4E1E-8765-DDFB4F470751}","Sophar Pharmacy","Nyarugenge","Nyarugenge","Kiyovu","Inyarurembo","","30.0572899","-1.9464844","3.000","2021-10-21T10:00:00.000Z","2023-11-01T11:49:53.497Z","https://gh.space.gov.rw/server/rest/services/Health_Facilities/FeatureServer/3","name_or_district_unmatched"
"","","","","197","{39C849C4-1574-4DBD-A6BC-0E02F606938F}","Pharmacy Nerge","Gasabo","Jabana","Akamatamu","Nyacyonga","","30.0863041","-1.8663763","2.000","2021-10-21T10:00:00.000Z","2023-11-01T09:48:37.782Z","https://gh.space.gov.rw/server/rest/services/Health_Facilities/FeatureServer/3","name_or_district_unmatched"
"","","","","199","{DE9A7332-7CB2-4ED9-BAEF-49A77C13DCBC}","Pharmacy Frotilla Life","Gasabo","Nduba","Gasanze","Nyakabungo","","30.0904199","-1.8880513","2.000","2021-10-22T10:00:00.000Z","2023-11-01T09:51:08.177Z","https://gh.space.gov.rw/server/rest/services/Health_Facilities/FeatureServer/3","name_or_district_unmatched"
"","","","","200","{9E6FB9AB-C682-4803-886C-E45A993D0FE9}","Ethia Pharmacy","Gasabo","Jali","Agateko","Urunyinya","","30.0402602","-1.8967393","3.900","2021-10-22T10:00:00.000Z","2023-11-01T09:51:55.552Z","https://gh.space.gov.rw/server/rest/services/Health_Facilities/FeatureServer/3","name_or_district_unmatched"
"","","","","201","{4ED2B778-BCDE-4939-BE47-7DBC3E6E502A}","Ligero Pharmacy Ltd","Gasabo","Bumbogo","Ngara","Gisasa","DR 52","30.1219840","-1.8982467","2.000","2021-10-23T10:00:00.000Z","2023-11-01T09:53:23.339Z","https://gh.space.gov.rw/server/rest/services/Health_Facilities/FeatureServer/3","name_or_district_unmatched"
"","PANACEA PHARMACY Ltd","KICUKIRO","KAGARAMA RWAMPARA","202","{089EAC2E-C381-48C1-AB69-AD47A1ECFCD2}","Panacea Pharmacy","Kicukiro","Kigarama","Rwampara","Nyarurembo","KK 709 St","30.0761788","-1.9699024","3.500","2021-10-24T10:00:00.000Z","2023-11-01T10:28:43.067Z","https://gh.space.gov.rw/server/rest/services/Health_Facilities/FeatureServer/3","sector_mismatch_or_ambiguous"
"","","","","208","{76732D7D-EF8C-4BBC-9D79-2BA7564264D5}","Kira Pharmacy","Gasabo","Jali","Nkusi","Kabagina","","30.0088285","-1.8566531","2.000","2021-10-27T10:00:00.000Z","2023-11-01T10:02:05.473Z","https://gh.space.gov.rw/server/rest/services/Health_Facilities/FeatureServer/3","name_or_district_unmatched"
"","","","","209","{77F3F20B-9EB2-4425-AD0F-52CAE7074500}","Elissa Pharmacy","Gasabo","Rutunga","Kigabiro","Kamusare","","30.2042407","-1.8540781","1.500","2021-10-27T10:00:00.000Z","2023-11-01T10:04:24.806Z","https://gh.space.gov.rw/server/rest/services/Health_Facilities/FeatureServer/3","name_or_district_unmatched"
"","","","","210","{E8501AF8-1A1C-4659-8132-A6908F95F0E3}","Pharmacy Conseil","Gasabo","Kimihurura","Kamukina","Nyenyeri","KG 542 St","30.0927352","-1.9509411","1.500","2021-10-28T10:00:00.000Z","2023-11-01T10:07:10.501Z","https://gh.space.gov.rw/server/rest/services/Health_Facilities/FeatureServer/3","name_or_district_unmatched"
"","","","","211","{F7D675AF-3BB8-4BD9-9D64-1357D19D4A4E}","Sharon Pharmacy","Gasabo","Gisozi","Musezero","Kagara","KG 697 St","30.0705328","-1.9243625","3.000","2021-10-30T10:00:00.000Z","2023-11-01T10:09:01.952Z","https://gh.space.gov.rw/server/rest/services/Health_Facilities/FeatureServer/3","name_or_district_unmatched"
"","","","","214","{B0B3C4EE-C154-451B-9B33-F420EFA009BE}","Ave Marie Agro-Vet Pharmacy ","Muhanga","Nyamabuye","Gahogo","Rutenga","NR 1","29.7511432","-2.0854410","9.648","2021-11-08T10:00:00.000Z","2023-11-01T12:13:00.514Z","https://gh.space.gov.rw/server/rest/services/Health_Facilities/FeatureServer/3","name_or_district_unmatched"
"","","","","215","{16B9F8BA-30C0-4A74-9CDA-30CAD6283547}","Veternary Pharmacy & Livestock Input","Muhanga","Nyamabuye","Gahogo","Rutenga","NR 1","29.7514810","-2.0862649","9.648","2021-11-08T10:00:00.000Z","2023-11-01T12:13:01.862Z","https://gh.space.gov.rw/server/rest/services/Health_Facilities/FeatureServer/3","name_or_district_unmatched"
"","","","","216","{65F5D168-DEE3-4FC1-B780-CDF2B288B976}","Alfa Vivace Pharmacy ","Muhanga","Nyamabuye","Gahogo","Rutenga","NR 1","29.7519012","-2.0866085","9.648","2021-11-08T10:00:00.000Z","2023-11-01T12:13:02.478Z","https://gh.space.gov.rw/server/rest/services/Health_Facilities/FeatureServer/3","name_or_district_unmatched"
"","","","","217","{45D6BAA3-1037-4241-8128-2BA443802DDB}","Abacus Pharmacy","Musanze","Muhoza","Mpenge","Gikwege","","29.6405415","-1.5068788","3.900","2021-11-08T10:00:00.000Z","2023-11-01T12:13:12.070Z","https://gh.space.gov.rw/server/rest/services/Health_Facilities/FeatureServer/3","name_or_district_unmatched"
"","","","","218","{91E2C048-1AFF-4FA2-80B7-5D73F4DE21EE}","Light 2030 Pharmacy","Musanze","Muhoza","Mpenge","Gikwege","","29.6375199","-1.5025944","3.900","2021-11-08T10:00:00.000Z","2023-11-01T12:13:13.876Z","https://gh.space.gov.rw/server/rest/services/Health_Facilities/FeatureServer/3","name_or_district_unmatched"
"","PHARMACY AMIRAH LTD","MUSANZE","MUHOZA KIGOMBE","221","{9826A3E6-3B7C-4452-818D-D399D6EBB052}","Amirah Pharmacy","Musanze","Muhoza","Mpenge","Gikwege","Dr 4","29.6419626","-1.5085935","3.900","2021-11-08T10:00:00.000Z","2023-11-01T12:13:17.606Z","https://gh.space.gov.rw/server/rest/services/Health_Facilities/FeatureServer/3","cell_mismatch_or_accuracy"
"","PHARMACIE LA CHARITE LTD","MUHANGA","NYAMAGABE GAHOGO","223","{1C4822BB-E937-4A46-BF75-0C8266A24E71}","Pharmacy La Charite ","Muhanga","Nyamabuye","Gahogo","Nyarucyamu I","NR 1","29.7543141","-2.0874984","3.900","2021-11-09T10:00:00.000Z","2023-11-01T12:21:10.018Z","https://gh.space.gov.rw/server/rest/services/Health_Facilities/FeatureServer/3","sector_mismatch_or_ambiguous"
"","","","","225","{1F0FDE65-38E8-4A4E-949B-8DDDAAF9F910}","Victory Pharmacy Nyamabuye","Muhanga","Nyamabuye","Gahogo","Nyarucyamu I","NR 1","29.7549951","-2.0879606","3.900","2021-11-09T10:00:00.000Z","2023-11-01T12:21:17.823Z","https://gh.space.gov.rw/server/rest/services/Health_Facilities/FeatureServer/3","name_or_district_unmatched"
"","","","","226","{15A0168A-64A7-4C95-AEC0-9058D5A80C76}","Davy's Pharmacy Ltd ","Muhanga","Nyamabuye","Gahogo","Nyarucyamu II","NR 1","29.7551056","-2.0883511","3.900","2021-11-09T10:00:00.000Z","2023-11-01T12:21:18.345Z","https://gh.space.gov.rw/server/rest/services/Health_Facilities/FeatureServer/3","name_or_district_unmatched"
"","","","","228","{DA1B6E58-F139-47AC-8A2D-E23279BABDC3}","High Magnificant Pharmacy","Musanze","Muhoza","Mpenge","Gikwege","","29.6423994","-1.5077468","3.900","2021-11-09T10:00:00.000Z","2023-11-01T12:22:02.919Z","https://gh.space.gov.rw/server/rest/services/Health_Facilities/FeatureServer/3","name_or_district_unmatched"
"","","","","230","{FF41F8FD-56BB-4F48-99B1-162385388C3E}","Tugane Pharmacy","Nyagatare","Nyagatare","Nyagatare","Nyagatare I","En 58 Rd","30.3259536","-1.2913633","3.900","2021-11-09T10:00:00.000Z","2023-11-01T12:22:48.052Z","https://gh.space.gov.rw/server/rest/services/Health_Facilities/FeatureServer/3","name_or_district_unmatched"
"","","","","231","{3ACB23EE-34A8-438A-A35C-746EF358C491}","Highland Pharmacy","Musanze","Muhoza","Mpenge","Gikwege","","29.6423237","-1.5073733","3.900","2021-11-10T10:00:00.000Z","2023-11-01T12:23:07.167Z","https://gh.space.gov.rw/server/rest/services/Health_Facilities/FeatureServer/3","name_or_district_unmatched"
"","","","","233","{FC61442C-93A6-40AB-A095-CEB00D4B6B6C}","Good Choice Pharmacy ","Muhanga","Nyamabuye","Gahogo","Nyarucyamu III","NR 1","29.7568879","-2.0935418","3.900","2021-11-10T10:00:00.000Z","2023-11-01T12:23:45.561Z","https://gh.space.gov.rw/server/rest/services/Health_Facilities/FeatureServer/3","name_or_district_unmatched"
"","","","","234","{D5898154-EC90-4982-9A22-4B60926383F3}","Holistic Pharmacy","Nyagatare","Nyagatare","Nyagatare","Nyagatare I","En 28 Av","30.3278336","-1.2935528","3.900","2021-11-10T10:00:00.000Z","2023-11-01T12:24:04.445Z","https://gh.space.gov.rw/server/rest/services/Health_Facilities/FeatureServer/3","name_or_district_unmatched"
"","","","","235","{A67D4251-21B2-4F88-B769-835C84C8994D}","Upendo Pharmacy","Rusizi","Kamembe","Kamashangi","Rushakamba","","28.9108353","-2.4780025","3.216","2021-11-10T10:00:00.000Z","2023-11-01T12:24:20.020Z","https://gh.space.gov.rw/server/rest/services/Health_Facilities/FeatureServer/3","name_or_district_unmatched"
"","","","","237","{F8883EB3-6A4B-44DC-8911-7FBCC570F953}","Sadru's Pharmacy","Rubavu","Gisenyi","Kivumu","Urumuri","","29.2481401","-1.6847610","3.216","2021-11-11T10:00:00.000Z","2023-11-01T12:25:38.388Z","https://gh.space.gov.rw/server/rest/services/Health_Facilities/FeatureServer/3","name_or_district_unmatched"
"","SILA PHARMACY Ltd","RUBAVU","GISENYI NENGO","239","{A0473614-AB30-40F3-91DC-628B5C8F40CB}","Sila Pharmacy","Rubavu","Gisenyi","Bugoyi","Bugoyi","","29.2594651","-1.6901198","3.216","2021-11-12T10:00:00.000Z","2023-11-01T12:27:07.599Z","https://gh.space.gov.rw/server/rest/services/Health_Facilities/FeatureServer/3","cell_mismatch_or_accuracy"
"","","","","240","{0AB644F8-0388-4121-ACF7-2822B3A5277A}","Pharmacy Malik","Rubavu","Gisenyi","Kivumu","Karisimbi","NR2","29.2507781","-1.6826932","3.216","2021-11-14T10:00:00.000Z","2023-11-01T12:29:34.991Z","https://gh.space.gov.rw/server/rest/services/Health_Facilities/FeatureServer/3","name_or_district_unmatched"
"","","","","242","{EBD6802C-4820-4EDF-9C2D-B328F13B9060}","Truphar Pharmacy Ltd","Rusizi","Kamembe","Gihundwe","Burunga","","28.9119097","-2.4792637","6.074","2021-12-01T10:00:00.000Z","2023-11-01T12:30:05.369Z","https://gh.space.gov.rw/server/rest/services/Health_Facilities/FeatureServer/3","name_or_district_unmatched"
"","","","","245","{3D45A6F1-BBFF-4974-BF72-B69E13E37DEE}","Victory Pharmacy ","Muhanga","Nyamabuye","Gahogo","Kamugina","","29.7511651","-2.0832026","9.648","2021-12-04T10:00:00.000Z","2023-11-01T12:33:37.808Z","https://gh.space.gov.rw/server/rest/services/Health_Facilities/FeatureServer/3","name_or_district_unmatched"
"","","","","246","{51A687DC-8293-4B13-8C00-3E7A7F735EFE}","Nobis Pharmacy ","Muhanga","Nyamabuye","Gahogo","Kamugina","","29.7509730","-2.0835539","9.648","2021-12-04T10:00:00.000Z","2023-11-01T12:33:39.646Z","https://gh.space.gov.rw/server/rest/services/Health_Facilities/FeatureServer/3","name_or_district_unmatched"
"","","","","247","{AB8C141C-8553-43C3-B095-DA5F6EEFBCB3}","Rome Pharmacy ","Muhanga","Nyamabuye","Gahogo","Kamugina","","29.7506517","-2.0837441","9.648","2021-12-04T10:00:00.000Z","2023-11-01T12:33:40.057Z","https://gh.space.gov.rw/server/rest/services/Health_Facilities/FeatureServer/3","name_or_district_unmatched"
"","","","","248","{0661EA8F-5654-478E-B5C5-F4584F69B8AE}","Mediasol Pharmacy","Musanze","Muhoza","Kigombe","Nduruma","Nr 4","29.6393041","-1.5086118","3.900","2021-12-04T10:00:00.000Z","2023-11-01T12:33:46.193Z","https://gh.space.gov.rw/server/rest/services/Health_Facilities/FeatureServer/3","name_or_district_unmatched"
"","DESTINY PHARMACY Ltd","MUSANZE","MUHOZA MUHOZA","250","{DDB1DA4E-A027-48DF-9346-F7A104921FBF}","Destiny Pharmacy","Musanze","Muhoza","Kigombe","Nduruma","Nr 4","29.6418177","-1.5088891","7.932","2021-12-04T10:00:00.000Z","2023-11-01T12:33:47.460Z","https://gh.space.gov.rw/server/rest/services/Health_Facilities/FeatureServer/3","cell_mismatch_or_accuracy"
"","","","","252","{00FF37D3-8A7D-44D7-8268-3F067957AAC6}","Lacky Familly Pharmacy","Nyagatare","Nyagatare","Nyagatare","Nyagatare II","","30.3301099","-1.2953951","3.900","2021-12-04T10:00:00.000Z","2023-11-01T12:34:27.792Z","https://gh.space.gov.rw/server/rest/services/Health_Facilities/FeatureServer/3","name_or_district_unmatched"
"","","","","254","{1D0399C7-C355-45DE-967A-81A5285CEAAB}","Yanelle Pharmacy","Bugesera","Ntarama","Kanzenze","Karumuna","","30.0907916","-2.0705150","3.216","2021-12-06T10:00:00.000Z","2023-11-01T12:37:38.834Z","https://gh.space.gov.rw/server/rest/services/Health_Facilities/FeatureServer/3","name_or_district_unmatched"
"","TAQWA PHARMACY LTD","BUGESERA","NYAMATA NYAMATA","255","{C14580E7-D78B-44BA-9210-492C8EC8BECC}","TAQWA Pharmacy","Bugesera","Nyamata","Nyamata y' umujyi","Nyabivumu","","30.0868373","-2.1411579","3.900","2021-12-06T10:00:00.000Z","2023-11-01T12:37:53.371Z","https://gh.space.gov.rw/server/rest/services/Health_Facilities/FeatureServer/3","cell_mismatch_or_accuracy"
"","MAX PHARMACY Ltd","RUSIZI","GIHUNDWE BURANGA","257","{EA7E8F3F-2211-4298-A3AA-387606267B4C}","Max Pharmacy","Rusizi","Gihundwe","Burunga","Cyapa","","28.9143459","-2.4850550","3.330","2021-12-07T10:00:00.000Z","2023-11-01T12:39:58.038Z","https://gh.space.gov.rw/server/rest/services/Health_Facilities/FeatureServer/3","cell_mismatch_or_accuracy"
"","SALVIA PHARMACY LTD","BUGESERA","NYAMATA NYAMATA TOWN","258","{0C7322D4-CFBE-4645-AF1C-B1962421B028}","SALVIA Pharmacy","Bugesera","Nyamata","Nyamata y' umujyi","Gatare III","","30.0889866","-2.1423553","3.900","2021-12-07T10:00:00.000Z","2023-11-01T12:40:38.846Z","https://gh.space.gov.rw/server/rest/services/Health_Facilities/FeatureServer/3","cell_mismatch_or_accuracy"
"","BERINDAH PHARMACY Ltd","BUGESERA","RILIMA NYAMATA","259","{D92ABE0B-2014-42B5-9B97-F23AEF8637B3}","BERINDAH pharmacy","Bugesera","Nyamata","Nyamata y' umujyi","Nyamata I","","30.0902217","-2.1429324","3.900","2021-12-07T10:00:00.000Z","2023-11-01T12:40:51.395Z","https://gh.space.gov.rw/server/rest/services/Health_Facilities/FeatureServer/3","sector_mismatch_or_ambiguous"
"","ROPH PHARMACY Ltd","BUGESERA","NYAMATA NYAMATA","260","{F9FFAD40-F5D8-4608-AFD9-4E1C52881264}","ROPH pharmacy","Bugesera","Nyamata","Nyamata y' umujyi","Nyamata I","","30.0903670","-2.1430681","4.288","2021-12-07T10:00:00.000Z","2023-11-01T12:40:51.820Z","https://gh.space.gov.rw/server/rest/services/Health_Facilities/FeatureServer/3","cell_mismatch_or_accuracy"
"","","","","261","{DE02990C-6365-47A2-8968-65161F09A2B0}","Didier Pharmacy","Kamonyi","Runda","Gihara","Bikimba","","29.9887244","-1.9423980","3.900","2021-12-07T10:00:00.000Z","2023-11-01T12:41:03.119Z","https://gh.space.gov.rw/server/rest/services/Health_Facilities/FeatureServer/3","name_or_district_unmatched"
"","AKEDAH LTD","BUGESERA","NYAMATA NYAMATA","262","{FC5E2482-BBC6-482E-8931-4CDD902F6F7B}","Akedah Pharmacy","Bugesera","Nyamata","Nyamata y' umujyi","Rugarama III","","30.0906064","-2.1430064","3.790","2021-12-08T10:00:00.000Z","2023-11-01T12:44:13.870Z","https://gh.space.gov.rw/server/rest/services/Health_Facilities/FeatureServer/3","cell_mismatch_or_accuracy"
"","","","","264","{664CF4F1-25D4-4C1E-B2CE-6A5C53631902}","Jeanne Pharmacy","Kamonyi","Runda","Muganza","Rubona","","29.9612573","-1.9473212","3.900","2021-12-08T10:00:00.000Z","2023-11-01T12:44:25.871Z","https://gh.space.gov.rw/server/rest/services/Health_Facilities/FeatureServer/3","name_or_district_unmatched"
"","","","","265","{2FE52052-36AF-4C58-8F30-82748889BBF8}","Ange Pharmacy","Musanze","Musanze","Rwambogo","Gakoro","","29.6103164","-1.5046435","3.900","2021-12-09T10:00:00.000Z","2023-11-01T12:45:29.404Z","https://gh.space.gov.rw/server/rest/services/Health_Facilities/FeatureServer/3","name_or_district_unmatched"
"","","","","266","{5A19FB84-8B30-4CE5-8BA2-CCB2724EF860}","Pharmacy Intwari Mubuzima","Rubavu","Gisenyi","Mbugangari","Uburezi","","29.2538100","-1.6758574","3.216","2021-12-09T10:00:00.000Z","2023-11-01T12:46:13.281Z","https://gh.space.gov.rw/server/rest/services/Health_Facilities/FeatureServer/3","name_or_district_unmatched"
"","","","","268","{0178B8B0-2CE9-40B7-8E1B-E11221284796}","Rafi Pharmacy Ltd","Rubavu","Gisenyi","Bugoyi","Irakiza","","29.2629458","-1.6920921","4.288","2021-12-03T10:00:00.000Z","2023-11-01T12:33:24.093Z","https://gh.space.gov.rw/server/rest/services/Health_Facilities/FeatureServer/3","name_or_district_unmatched"
"","","","","269","{219318AA-5AE6-4A3F-9343-DBDD299882FC}","Hilios Pharmacy","Rubavu","Gisenyi","Nengo","Ubucuruzi","","29.2628203","-1.6938457","3.900","2021-12-03T10:00:00.000Z","2023-11-01T12:33:20.754Z","https://gh.space.gov.rw/server/rest/services/Health_Facilities/FeatureServer/3","name_or_district_unmatched"
"","","","","271","{BDEC85F4-2B91-4FE2-B897-99A449F4CAE3}","Mediasol Pharmacy","Rubavu","Gisenyi","Nengo","Ubucuruzi","","29.2620499","-1.6953141","3.900","2021-12-02T10:00:00.000Z","2023-11-01T12:32:06.400Z","https://gh.space.gov.rw/server/rest/services/Health_Facilities/FeatureServer/3","name_or_district_unmatched"
"","","","","273","{B6BF56F6-3138-44E9-B55B-F975DE3B9F9E}","Pharmacy Fida","Rubavu","Gisenyi","Nengo","Ubucuruzi","","29.2612796","-1.6963176","3.900","2021-12-01T10:00:00.000Z","2023-11-01T12:30:35.150Z","https://gh.space.gov.rw/server/rest/services/Health_Facilities/FeatureServer/3","name_or_district_unmatched"
"","","","","274","{3003777F-CC9E-4D06-94AF-C85434428A0F}","Pharmacy Vinca","Rubavu","Gisenyi","Nengo","Ubucuruzi","","29.2612276","-1.6960742","3.900","2021-12-01T10:00:00.000Z","2023-11-01T12:30:34.653Z","https://gh.space.gov.rw/server/rest/services/Health_Facilities/FeatureServer/3","name_or_district_unmatched"
"","","","","277","{21A93BB8-013E-409C-9597-41736858EB4D}","Presige Pharmacy","Rubavu","Gisenyi","Kivumu","Giponda","","29.2572033","-1.6856315","3.216","2021-11-20T10:00:00.000Z","2023-11-01T12:29:04.479Z","https://gh.space.gov.rw/server/rest/services/Health_Facilities/FeatureServer/3","name_or_district_unmatched"
"","INEZA PHARMACY Ltd","RUBAVU","GISENYI AMAHORO","278","{F5B21CD0-5659-45A8-BE15-4CE3277392F6}","Ineza Pharmacy","Rubavu","Gisenyi","Bugoyi","Irakiza","","29.2597132","-1.6928125","3.216","2021-11-12T10:00:00.000Z","2023-11-01T12:27:10.192Z","https://gh.space.gov.rw/server/rest/services/Health_Facilities/FeatureServer/3","cell_mismatch_or_accuracy"
"","","","","280","{F611ED20-F8D9-40AF-90E6-51FD49F6B632}","Saint Litha Pharmacy","Nyagatare","Nyagatare","Nyagatare","Nyagatare I","","30.3283496","-1.2929820","3.900","2021-12-09T10:00:00.000Z","2023-11-01T12:45:51.286Z","https://gh.space.gov.rw/server/rest/services/Health_Facilities/FeatureServer/3","name_or_district_unmatched"
"","","","","281","{A04F46CE-A5E3-4E8B-8D04-5729FDE2CC30}","Provida Pharmacy","Nyagatare","Nyagatare","Nyagatare","Nyagatare II","","30.3249149","-1.2945714","3.900","2021-12-09T10:00:00.000Z","2023-11-01T12:45:48.533Z","https://gh.space.gov.rw/server/rest/services/Health_Facilities/FeatureServer/3","name_or_district_unmatched"
"","","","","282","{EE64FA0B-760C-4048-B9D6-43DCCC675C23}","Veredianne Pharmacy","Kamonyi","Runda","Gihara","Kabasanza","","29.9605688","-1.9464444","3.900","2021-12-08T10:00:00.000Z","2023-11-01T12:44:32.664Z","https://gh.space.gov.rw/server/rest/services/Health_Facilities/FeatureServer/3","name_or_district_unmatched"
"","TUMA PHARMACY LTD","BUGESERA","NYAMATA NYAMATA","283","{64D50CBD-97B1-4315-BCF6-592678B74E28}","Tuma Pharmacy","Bugesera","Nyamata","Nyamata y' umujyi","Rwakibirizi I","","30.0910393","-2.1481357","3.900","2021-12-08T10:00:00.000Z","2023-11-01T12:43:56.928Z","https://gh.space.gov.rw/server/rest/services/Health_Facilities/FeatureServer/3","cell_mismatch_or_accuracy"
"","PHARMAGY PHARMACY Ltd","MUHANGA","NYAMABUYE GAHOGO","284","{65084649-5B2F-4089-8C0A-1B078483C989}","Pharmagy Pharmacy ","Muhanga","Nyamabuye","Gitarama","Kavumu","NR 1","29.7519139","-2.0836782","9.648","2021-12-08T10:00:00.000Z","2023-11-01T12:42:13.146Z","https://gh.space.gov.rw/server/rest/services/Health_Facilities/FeatureServer/3","cell_mismatch_or_accuracy"
"","","","","285","{B2A20749-7FB4-4AB1-943A-E10F59C8DAD3}","PHARMACY","Bugesera","Nyamata","Kayumba","Nyagatovu","","30.0703299","-2.1289455","4.502","2021-12-07T10:00:00.000Z","2023-11-01T12:41:36.066Z","https://gh.space.gov.rw/server/rest/services/Health_Facilities/FeatureServer/3","name_or_district_unmatched"
"","ELLIO PHARMACY LTD","BUGESERA","NYAMATA NYAMATA","286","{B25916D4-68B8-486E-ABBD-0141612DE2D5}","ELLIO Pharmacy","Bugesera","Nyamata","Nyamata y' umujyi","Nyabivumu","","30.0889653","-2.1422174","3.900","2021-12-07T10:00:00.000Z","2023-11-01T12:40:37.417Z","https://gh.space.gov.rw/server/rest/services/Health_Facilities/FeatureServer/3","cell_mismatch_or_accuracy"
"","EMMA SANITAS PHARMACY LTD","BUGESERA","NYAMATA NYAMATA","287","{9287C00A-FF4E-4621-A0C0-6C23A361645F}","EMMA SANITAS pharmacy","Bugesera","Nyamata","Nyamata y' umujyi","Nyabivumu","","30.0882906","-2.1418071","3.900","2021-12-06T10:00:00.000Z","2023-11-01T12:38:02.779Z","https://gh.space.gov.rw/server/rest/services/Health_Facilities/FeatureServer/3","cell_mismatch_or_accuracy"
"","SHEKINAH PHARMACY LTD","BUGESERA","NYAMATA NYAMATA","288","{2C5B4489-1589-48D2-A7C9-40BBF670679F}","Shekinah Pharmacy","Bugesera","Nyamata","Nyamata y' umujyi","Nyabivumu","","30.0877393","-2.1415465","3.900","2021-12-06T10:00:00.000Z","2023-11-01T12:38:02.033Z","https://gh.space.gov.rw/server/rest/services/Health_Facilities/FeatureServer/3","cell_mismatch_or_accuracy"
"","ALCRESTA PHARMACY Ltd","BUGESERA","NYAMATA NYAMATA","289","{E88A3AF0-6D8F-4AEC-8F5B-19B41EDCAF96}","ALCRESTA Pharmacy","Bugesera","Nyamata","Nyamata y' umujyi","Nyabivumu","","30.0847526","-2.1404224","4.029","2021-12-06T10:00:00.000Z","2023-11-01T12:37:50.970Z","https://gh.space.gov.rw/server/rest/services/Health_Facilities/FeatureServer/3","cell_mismatch_or_accuracy"
