"issue","best_registry_name","roster_pharmacy_name","roster_district","location","e164","source_url","source_reference","match_score","runner_up_score"
"ambiguous_or_unmatched","","ELIO PHARMACY","BUGESERA","EASTERN,BUGESERA,NYAMATA,NYAMATA/TOWN","250788432912","https://monitoring.rwandafda.gov.rw/monitoring/documents-management/uploads/3/Human-Retail-Pharmacy-Duty-rosters/Retail_Pharmacies_Duty_Roster_in_Bugesera_District_JULY-AUGUST-SEPTEMBER_2026.pdf","bugesera July-September 2026 duty roster","0.311","0.175"
"ambiguous_or_unmatched","","ENI HAKKORE PHARMACY LTD","BUGESERA","EASTERN,BUGESERA,NYAMATA, NYAMATA/TOWN","250781990726","https://monitoring.rwandafda.gov.rw/monitoring/documents-management/uploads/3/Human-Retail-Pharmacy-Duty-rosters/Retail_Pharmacies_Duty_Roster_in_Bugesera_District_JULY-AUGUST-SEPTEMBER_2026.pdf","bugesera July-September 2026 duty roster","0.165","0.140"
"ambiguous_or_unmatched","","ENI HAKKORE PHARMACY LTD","BUGESERA","EASTERN,BUGESERA,NYAMATA, NYAMATA/TOWN","250788846403","https://monitoring.rwandafda.gov.rw/monitoring/documents-management/uploads/3/Human-Retail-Pharmacy-Duty-rosters/Retail_Pharmacies_Duty_Roster_in_Bugesera_District_JULY-AUGUST-SEPTEMBER_2026.pdf","bugesera July-September 2026 duty roster","0.165","0.140"
"ambiguous_or_unmatched","","NACY PHARMACY LTD","BUGESERA","EASTERN,BUGESERA,NYAMATA,NYAMATA/TOWN","250788624638","https://monitoring.rwandafda.gov.rw/monitoring/documents-management/uploads/3/Human-Retail-Pharmacy-Duty-rosters/Retail_Pharmacies_Duty_Roster_in_Bugesera_District_JULY-AUGUST-SEPTEMBER_2026.pdf","bugesera July-September 2026 duty roster","0.311","0.127"
"ambiguous_or_unmatched","","SHEKINA PHARMACY","BUGESERA","EASTERN,BUGESERA,NYAMATA,NYAMATA/TOWN","250788846403","https://monitoring.rwandafda.gov.rw/monitoring/documents-management/uploads/3/Human-Retail-Pharmacy-Duty-rosters/Retail_Pharmacies_Duty_Roster_in_Bugesera_District_JULY-AUGUST-SEPTEMBER_2026.pdf","bugesera July-September 2026 duty roster","0.327","0.187"
"ambiguous_or_unmatched","","TAQUA PHARMACY","BUGESERA","EASTERN,BUGESERA,NYAMATA,NYAMATA/TOWN","250787333170","https://monitoring.rwandafda.gov.rw/monitoring/documents-management/uploads/3/Human-Retail-Pharmacy-Duty-rosters/Retail_Pharmacies_Duty_Roster_in_Bugesera_District_JULY-AUGUST-SEPTEMBER_2026.pdf","bugesera July-September 2026 duty roster","0.280","0.175"
"ambiguous_or_unmatched","","ISONGA PHARMACY LTD","HUYE","SOUTHERN,HUYE,NGOMA,BUTARE","250789066568","https://monitoring.rwandafda.gov.rw/monitoring/documents-management/uploads/3/Human-Retail-Pharmacy-Duty-rosters/Retail_Pharmacies_Duty_Roster_in_Huye_District_JULY-AUGUST-SEPTEMBER_2026.pdf","huye July-September 2026 duty roster","0.643","0.150"
"ambiguous_or_unmatched","","MEDSUITE PHARMACY Ltd","HUYE","SOUTHERN,HUYE,TUMBA,RANGO B","250783049189","https://monitoring.rwandafda.gov.rw/monitoring/documents-management/uploads/3/Human-Retail-Pharmacy-Duty-rosters/Retail_Pharmacies_Duty_Roster_in_Huye_District_JULY-AUGUST-SEPTEMBER_2026.pdf","huye July-September 2026 duty roster","0.187","0.175"
"ambiguous_or_unmatched","","PHARMACIE IRAKOZE Ltd","HUYE","SOUTHERN, HUYE,KU GATEME","250786815490","https://monitoring.rwandafda.gov.rw/monitoring/documents-management/uploads/3/Human-Retail-Pharmacy-Duty-rosters/Retail_Pharmacies_Duty_Roster_in_Huye_District_JULY-AUGUST-SEPTEMBER_2026.pdf","huye July-September 2026 duty roster","0.140","0.140"
"ambiguous_or_unmatched","","THANK YOU PHARMACY Ltd","HUYE","SOUTHERN, HUYE,TUMBA, RANGO B, IMPUHWE","250787923896","https://monitoring.rwandafda.gov.rw/monitoring/documents-management/uploads/3/Human-Retail-Pharmacy-Duty-rosters/Retail_Pharmacies_Duty_Roster_in_Huye_District_JULY-AUGUST-SEPTEMBER_2026.pdf","huye July-September 2026 duty roster","0.654","0.091"
"ambiguous_or_unmatched","","UMUBILIZI PHARMACY","HUYE","SOUTHERN, HUYE,MU CYARABU","250788816498","https://monitoring.rwandafda.gov.rw/monitoring/documents-management/uploads/3/Human-Retail-Pharmacy-Duty-rosters/Retail_Pharmacies_Duty_Roster_in_Huye_District_JULY-AUGUST-SEPTEMBER_2026.pdf","huye July-September 2026 duty roster","0.219","0.087"
"ambiguous_or_unmatched","","BONACURATIO FARMACIA COMPANY LTD","KAMONYI","SOUTH,KAMONYI,RUNDA,RUYENZI","250788891651","https://monitoring.rwandafda.gov.rw/monitoring/documents-management/uploads/3/Human-Retail-Pharmacy-Duty-rosters/Retail_Pharmacies_Duty_Roster_in_Kamonyi_District_JULY-AUGUST-SEPTEMBER_2026.pdf","kamonyi July-September 2026 duty roster","0.709","0.117"
"ambiguous_or_unmatched","","BONACURATIO FARMACIA COMPANY LTD","KAMONYI","SOUTH,KAMONYI,RUNDA,RUYENZI","250791692290","https://monitoring.rwandafda.gov.rw/monitoring/documents-management/uploads/3/Human-Retail-Pharmacy-Duty-rosters/Retail_Pharmacies_Duty_Roster_in_Kamonyi_District_JULY-AUGUST-SEPTEMBER_2026.pdf","kamonyi July-September 2026 duty roster","0.709","0.117"
"ambiguous_or_unmatched","","LIFE PLUS PHARMACY Ltd","KAYONZA","EASTERN,KAYONZA, MUKARANGE, BWIZA","250782235650","https://monitoring.rwandafda.gov.rw/monitoring/documents-management/uploads/3/Human-Retail-Pharmacy-Duty-rosters/Retail_Pharmacies_Duty_Roster_in_Kayonza_District_JULY-AUGUST-SEPTEMBER_2026.pdf","kayonza July-September 2026 duty roster","0.490","0.329"
"ambiguous_or_unmatched","","ABIRWA PHARMACY","GASABO","Kigali City, GASABO, REMERA, RUKIRI YA II UGANA KURI CENTRE CHRISTUS","250782553288","https://monitoring.rwandafda.gov.rw/monitoring/documents-management/uploads/3/Human-Retail-Pharmacy-Duty-rosters/Retail_Pharmacies_Duty_Roster_in_Kigali_City_for_JULY-AUGUST-SEPTEMBER_2026.pdf","kigali July-September 2026 duty roster","0.654","0.215"
"ambiguous_or_unmatched","","ALLIMED PHARMACY LTD","KICUKIRO","Kigali City, KICUKIRO, NIBOYE, UMUHANDA UGANA KICUKIRO CENTRE","250785590594","https://monitoring.rwandafda.gov.rw/monitoring/documents-management/uploads/3/Human-Retail-Pharmacy-Duty-rosters/Retail_Pharmacies_Duty_Roster_in_Kigali_City_for_JULY-AUGUST-SEPTEMBER_2026.pdf","kigali July-September 2026 duty roster","0.233","0.215"
"ambiguous_or_unmatched","","APOTHECARY PHARMACY","GASABO","Kigali City, GASABO, RUSORORO, CENTRE KA KABUGA","250783454761","https://monitoring.rwandafda.gov.rw/monitoring/documents-management/uploads/3/Human-Retail-Pharmacy-Duty-rosters/Retail_Pharmacies_Duty_Roster_in_Kigali_City_for_JULY-AUGUST-SEPTEMBER_2026.pdf","kigali July-September 2026 duty roster","0.683","0.206"
"ambiguous_or_unmatched","","APOTHECARY PHARMACY","GASABO","Kigali City, GASABO, RUSORORO, CENTRE KA KABUGA","250788630036","https://monitoring.rwandafda.gov.rw/monitoring/documents-management/uploads/3/Human-Retail-Pharmacy-Duty-rosters/Retail_Pharmacies_Duty_Roster_in_Kigali_City_for_JULY-AUGUST-SEPTEMBER_2026.pdf","kigali July-September 2026 duty roster","0.683","0.206"
"ambiguous_or_unmatched","","CUREMART PHARMACY LTD","KICUKIRO","Kigali City, KICUKIRO,NIBOYE,NIBOYE,GATARE","250788499138","https://monitoring.rwandafda.gov.rw/monitoring/documents-management/uploads/3/Human-Retail-Pharmacy-Duty-rosters/Retail_Pharmacies_Duty_Roster_in_Kigali_City_for_JULY-AUGUST-SEPTEMBER_2026.pdf","kigali July-September 2026 duty roster","0.187","0.162"
"ambiguous_or_unmatched","","DELIGHT PHARMACY REMERA BRANCH","GASABO","Kigali City, GASABO, REMERA, RUKIRI I, KISEMENT HARUGURU YA CLINIQUE POLYFAM","250788309743","https://monitoring.rwandafda.gov.rw/monitoring/documents-management/uploads/3/Human-Retail-Pharmacy-Duty-rosters/Retail_Pharmacies_Duty_Roster_in_Kigali_City_for_JULY-AUGUST-SEPTEMBER_2026.pdf","kigali July-September 2026 duty roster","0.694","0.694"
"ambiguous_or_unmatched","","EL DORADO PHARMACY LTD","KIGALI","Kigali City, KANOMBE, NYARUGUNGA,NKOKO,GITARA","250783615532","https://monitoring.rwandafda.gov.rw/monitoring/documents-management/uploads/3/Human-Retail-Pharmacy-Duty-rosters/Retail_Pharmacies_Duty_Roster_in_Kigali_City_for_JULY-AUGUST-SEPTEMBER_2026.pdf","kigali July-September 2026 duty roster","1.000","0.720"
"ambiguous_or_unmatched","","FELIPHARM","KICUKIRO","Kigali City, KICUKIRO,KANOMBE, KABEZA, AKAGERA","250785033013","https://monitoring.rwandafda.gov.rw/monitoring/documents-management/uploads/3/Human-Retail-Pharmacy-Duty-rosters/Retail_Pharmacies_Duty_Roster_in_Kigali_City_for_JULY-AUGUST-SEPTEMBER_2026.pdf","kigali July-September 2026 duty roster","0.247","0.233"
"ambiguous_or_unmatched","","GOODLIFE HEALTH AND BEAUTY BIRYOGO II BRANCH","NYARUGENGE","Kigali City, NYARUGENGE, BIRYOGO, BIRYOGO","250791232383","https://monitoring.rwandafda.gov.rw/monitoring/documents-management/uploads/3/Human-Retail-Pharmacy-Duty-rosters/Retail_Pharmacies_Duty_Roster_in_Kigali_City_for_JULY-AUGUST-SEPTEMBER_2026.pdf","kigali July-September 2026 duty roster","0.847","0.799"
"ambiguous_or_unmatched","","HERO PHARMACY LTD","GASABO","Kigali City, GASABO, KIMIRONKO,NYAGATOVU","250788796975","https://monitoring.rwandafda.gov.rw/monitoring/documents-management/uploads/3/Human-Retail-Pharmacy-Duty-rosters/Retail_Pharmacies_Duty_Roster_in_Kigali_City_for_JULY-AUGUST-SEPTEMBER_2026.pdf","kigali July-September 2026 duty roster","0.175","0.175"
"ambiguous_or_unmatched","","ISANO PHARMACY LTD","NYARUGENGE","Kigali City, NYARUGENGE, GITEGA, KORA, IMBERE YA FEU ROUGE","250788303180","https://monitoring.rwandafda.gov.rw/monitoring/documents-management/uploads/3/Human-Retail-Pharmacy-Duty-rosters/Retail_Pharmacies_Duty_Roster_in_Kigali_City_for_JULY-AUGUST-SEPTEMBER_2026.pdf","kigali July-September 2026 duty roster","0.210","0.191"
"ambiguous_or_unmatched","","ISANO PHARMACY LTD","NYARUGENGE","Kigali City, NYARUGENGE, GITEGA, KORA, IMBERE YA FEU ROUGE","250788625212","https://monitoring.rwandafda.gov.rw/monitoring/documents-management/uploads/3/Human-Retail-Pharmacy-Duty-rosters/Retail_Pharmacies_Duty_Roster_in_Kigali_City_for_JULY-AUGUST-SEPTEMBER_2026.pdf","kigali July-September 2026 duty roster","0.210","0.191"
"ambiguous_or_unmatched","","JM PHARMACY","GASABO","Kigali City, GASABO, KACYIRU IMBERE YA KING FAISAL HOSPITAL","250787264328","https://monitoring.rwandafda.gov.rw/monitoring/documents-management/uploads/3/Human-Retail-Pharmacy-Duty-rosters/Retail_Pharmacies_Duty_Roster_in_Kigali_City_for_JULY-AUGUST-SEPTEMBER_2026.pdf","kigali July-September 2026 duty roster","0.561","0.117"
"ambiguous_or_unmatched","","KARO ENTREPRISES LTD","NYARUGENGE","Kigali City, NYARUGENGE,NYARUGENGE, KIYOVU","250785790295","https://monitoring.rwandafda.gov.rw/monitoring/documents-management/uploads/3/Human-Retail-Pharmacy-Duty-rosters/Retail_Pharmacies_Duty_Roster_in_Kigali_City_for_JULY-AUGUST-SEPTEMBER_2026.pdf","kigali July-September 2026 duty roster","0.653","0.127"
"ambiguous_or_unmatched","","KERIDO PHARMACY","NYARUGENGE","Kigali City, NYARUGENGE, NYAMIRAMBO KURI COSMOS","250788863920","https://monitoring.rwandafda.gov.rw/monitoring/documents-management/uploads/3/Human-Retail-Pharmacy-Duty-rosters/Retail_Pharmacies_Duty_Roster_in_Kigali_City_for_JULY-AUGUST-SEPTEMBER_2026.pdf","kigali July-September 2026 duty roster","0.191","0.191"
"ambiguous_or_unmatched","","MEDCONNEKT PHARMACY LTD","NYARUGENGE","Kigali City, NYARUGENGE, GITEGA, KORA, CYIVUMU","250782300872","https://monitoring.rwandafda.gov.rw/monitoring/documents-management/uploads/3/Human-Retail-Pharmacy-Duty-rosters/Retail_Pharmacies_Duty_Roster_in_Kigali_City_for_JULY-AUGUST-SEPTEMBER_2026.pdf","kigali July-September 2026 duty roster","0.206","0.175"
"ambiguous_or_unmatched","","MEDIASOL PHARMACY, KICUKIRO BRANCH","KICUKIRO","Kigali City, KICUKIRO, NYARUGUNGA, HAFI YA RMH","250788307358","https://monitoring.rwandafda.gov.rw/monitoring/documents-management/uploads/3/Human-Retail-Pharmacy-Duty-rosters/Retail_Pharmacies_Duty_Roster_in_Kigali_City_for_JULY-AUGUST-SEPTEMBER_2026.pdf","kigali July-September 2026 duty roster","0.470","0.440"
"ambiguous_or_unmatched","","MEDIASOL PHARMACY, MAIN BRANCH","NYARUGENGE","Kigali City, NYARUGENGE, NYARUGENGE, MURI NEW T2000 Building","250788307358","https://monitoring.rwandafda.gov.rw/monitoring/documents-management/uploads/3/Human-Retail-Pharmacy-Duty-rosters/Retail_Pharmacies_Duty_Roster_in_Kigali_City_for_JULY-AUGUST-SEPTEMBER_2026.pdf","kigali July-September 2026 duty roster","0.525","0.411"
"ambiguous_or_unmatched","","MEDIASOLPHARMACY, REMERA BRANCH","GASABO","Kigali City, GASABO, REMERA, RUKIRI I","250788307358","https://monitoring.rwandafda.gov.rw/monitoring/documents-management/uploads/3/Human-Retail-Pharmacy-Duty-rosters/Retail_Pharmacies_Duty_Roster_in_Kigali_City_for_JULY-AUGUST-SEPTEMBER_2026.pdf","kigali July-September 2026 duty roster","0.729","0.729"
"ambiguous_or_unmatched","","MEMIAS PHARMACY","KICUKIRO","Kigali City, KICUKIRO, NIBOYE, KU MUHANDA UGANA KICUKIRO CENTRE","250788434633","https://monitoring.rwandafda.gov.rw/monitoring/documents-management/uploads/3/Human-Retail-Pharmacy-Duty-rosters/Retail_Pharmacies_Duty_Roster_in_Kigali_City_for_JULY-AUGUST-SEPTEMBER_2026.pdf","kigali July-September 2026 duty roster","0.323","0.323"
"ambiguous_or_unmatched","","NOVACARE PHARMACY Ltd","KICUKIRO","Kigali City, KICUKIRO, MASAKA,CYIMO,KABEZA","250780561844","https://monitoring.rwandafda.gov.rw/monitoring/documents-management/uploads/3/Human-Retail-Pharmacy-Duty-rosters/Retail_Pharmacies_Duty_Roster_in_Kigali_City_for_JULY-AUGUST-SEPTEMBER_2026.pdf","kigali July-September 2026 duty roster","0.233","0.187"
"ambiguous_or_unmatched","","OLIS PHARMACY LTD","NYARUGENGE","Kigali City, NYARUGENGE, KIMISAGARA, KIMISAGARA","250737086318","https://monitoring.rwandafda.gov.rw/monitoring/documents-management/uploads/3/Human-Retail-Pharmacy-Duty-rosters/Retail_Pharmacies_Duty_Roster_in_Kigali_City_for_JULY-AUGUST-SEPTEMBER_2026.pdf","kigali July-September 2026 duty roster","0.175","0.175"
"ambiguous_or_unmatched","","PHARMACIE CONSEIL KAGUGU","GASABO","Kigali City, GASABO, KACYIRU,GACULIRO","250788305077","https://monitoring.rwandafda.gov.rw/monitoring/documents-management/uploads/3/Human-Retail-Pharmacy-Duty-rosters/Retail_Pharmacies_Duty_Roster_in_Kigali_City_for_JULY-AUGUST-SEPTEMBER_2026.pdf","kigali July-September 2026 duty roster","0.591","0.537"
"ambiguous_or_unmatched","","PHARMACIE CONSEIL, MAIN BRANCH","KIGALI","Kigali City, NYARUGENEGE, EN FACE DE L'ECOLE BELGE","250788305077","https://monitoring.rwandafda.gov.rw/monitoring/documents-management/uploads/3/Human-Retail-Pharmacy-Duty-rosters/Retail_Pharmacies_Duty_Roster_in_Kigali_City_for_JULY-AUGUST-SEPTEMBER_2026.pdf","kigali July-September 2026 duty roster","0.493","0.486"
"ambiguous_or_unmatched","","PHARMACIE CONTINENTALE","GASABO","Kigali City, GASABO, REMERA, RUKIRI I/KISIMENTI, UBUMWE","250788306878","https://monitoring.rwandafda.gov.rw/monitoring/documents-management/uploads/3/Human-Retail-Pharmacy-Duty-rosters/Retail_Pharmacies_Duty_Roster_in_Kigali_City_for_JULY-AUGUST-SEPTEMBER_2026.pdf","kigali July-September 2026 duty roster","0.558","0.223"
"ambiguous_or_unmatched","","PHARMACIE CONTINENTALE","GASABO","Kigali City, GASABO, REMERA, RUKIRI I/KISIMENTI, UBUMWE","250788566727","https://monitoring.rwandafda.gov.rw/monitoring/documents-management/uploads/3/Human-Retail-Pharmacy-Duty-rosters/Retail_Pharmacies_Duty_Roster_in_Kigali_City_for_JULY-AUGUST-SEPTEMBER_2026.pdf","kigali July-September 2026 duty roster","0.558","0.223"
"ambiguous_or_unmatched","","PHARMACIE DE LA MISERCORDE","NYARUGENGE","Kigali City, NYARUGENGE,Kigali City, NYABUGOGO,GAKONI","250788283954","https://monitoring.rwandafda.gov.rw/monitoring/documents-management/uploads/3/Human-Retail-Pharmacy-Duty-rosters/Retail_Pharmacies_Duty_Roster_in_Kigali_City_for_JULY-AUGUST-SEPTEMBER_2026.pdf","kigali July-September 2026 duty roster","0.773","0.475"
"ambiguous_or_unmatched","","PHARMACIE DU PROGRESS","KICUKIRO","Kigali City, KICUKIRO, KIGARAMA,KARUGIRA,UBUTARE","250788463839","https://monitoring.rwandafda.gov.rw/monitoring/documents-management/uploads/3/Human-Retail-Pharmacy-Duty-rosters/Retail_Pharmacies_Duty_Roster_in_Kigali_City_for_JULY-AUGUST-SEPTEMBER_2026.pdf","kigali July-September 2026 duty roster","0.728","0.728"
"ambiguous_or_unmatched","","PHARMACIE IDEAL","GASABO","Kigali City, GASABO, KIMIRONKO, UGANA Kigali CityPARENTS SCHOOL","250788590217","https://monitoring.rwandafda.gov.rw/monitoring/documents-management/uploads/3/Human-Retail-Pharmacy-Duty-rosters/Retail_Pharmacies_Duty_Roster_in_Kigali_City_for_JULY-AUGUST-SEPTEMBER_2026.pdf","kigali July-September 2026 duty roster","0.318","0.233"
"ambiguous_or_unmatched","","PHARMACIE IRIS Ltd-JABANA BRANCH","GASABO","Kigali City, GASABO,JABANA,KABUYE","250788484003","https://monitoring.rwandafda.gov.rw/monitoring/documents-management/uploads/3/Human-Retail-Pharmacy-Duty-rosters/Retail_Pharmacies_Duty_Roster_in_Kigali_City_for_JULY-AUGUST-SEPTEMBER_2026.pdf","kigali July-September 2026 duty roster","0.463","0.463"
"ambiguous_or_unmatched","","PHARMACIE L'AN 2000 PLUS","KICUKIRO","Kigali City, KICUKIRO, KANOMBE,KABEZA,GIPOROSO I","250788565654","https://monitoring.rwandafda.gov.rw/monitoring/documents-management/uploads/3/Human-Retail-Pharmacy-Duty-rosters/Retail_Pharmacies_Duty_Roster_in_Kigali_City_for_JULY-AUGUST-SEPTEMBER_2026.pdf","kigali July-September 2026 duty roster","0.399","0.297"
"ambiguous_or_unmatched","","PHARMACIE MUHIRE, KICUKIRO BRANCH","KICUKIRO","Kigali City, KICUKIRO, KANOMBE, IMBERE YA RMH","250788452718","https://monitoring.rwandafda.gov.rw/monitoring/documents-management/uploads/3/Human-Retail-Pharmacy-Duty-rosters/Retail_Pharmacies_Duty_Roster_in_Kigali_City_for_JULY-AUGUST-SEPTEMBER_2026.pdf","kigali July-September 2026 duty roster","0.451","0.422"
"ambiguous_or_unmatched","","PHARMACIE MUHIRE, MAIN BRANCH","NYARUGENGE","Kigali City, NYAARUGENGE, NYARUGENGE, KIYOVU MU NYUBAKO YO KWA RUBANGURA","250788452718","https://monitoring.rwandafda.gov.rw/monitoring/documents-management/uploads/3/Human-Retail-Pharmacy-Duty-rosters/Retail_Pharmacies_Duty_Roster_in_Kigali_City_for_JULY-AUGUST-SEPTEMBER_2026.pdf","kigali July-September 2026 duty roster","0.500","0.464"
"ambiguous_or_unmatched","","PHARMACIE SABANS","GASABO","Kigali City, GASABO, REMERA-GIPOROSO","250788394007","https://monitoring.rwandafda.gov.rw/monitoring/documents-management/uploads/3/Human-Retail-Pharmacy-Duty-rosters/Retail_Pharmacies_Duty_Roster_in_Kigali_City_for_JULY-AUGUST-SEPTEMBER_2026.pdf","kigali July-September 2026 duty roster","0.191","0.187"
"ambiguous_or_unmatched","","PHARMACIE TETA, KISIMENTI BRANCH","GASABO","Kigali City, GASABO, KISEMENTI, IMBERE YO KWA CHEZ LANDO HOTEL","250788460549","https://monitoring.rwandafda.gov.rw/monitoring/documents-management/uploads/3/Human-Retail-Pharmacy-Duty-rosters/Retail_Pharmacies_Duty_Roster_in_Kigali_City_for_JULY-AUGUST-SEPTEMBER_2026.pdf","kigali July-September 2026 duty roster","0.517","0.486"
"ambiguous_or_unmatched","","PHARMACIE UMURAVA","NYARUGENGE","Kigali City, NYARUGENGE, RWEZAMENYO,RWEZAMENYO,AMAHORO","250788539713","https://monitoring.rwandafda.gov.rw/monitoring/documents-management/uploads/3/Human-Retail-Pharmacy-Duty-rosters/Retail_Pharmacies_Duty_Roster_in_Kigali_City_for_JULY-AUGUST-SEPTEMBER_2026.pdf","kigali July-September 2026 duty roster","0.162","0.162"
"ambiguous_or_unmatched","","PHARMACIE UNIQUE KIMIHURURA","GASABO","Kigali City, GASABO,KIMIHURURA,KIMIHURURA","250788309743","https://monitoring.rwandafda.gov.rw/monitoring/documents-management/uploads/3/Human-Retail-Pharmacy-Duty-rosters/Retail_Pharmacies_Duty_Roster_in_Kigali_City_for_JULY-AUGUST-SEPTEMBER_2026.pdf","kigali July-September 2026 duty roster","0.654","0.616"
"ambiguous_or_unmatched","","PHARMAID LTD","KICUKIRO","Kigali City, KICUKIRO, GIKONDO, GIKONDO NYENYERI","250728820280","https://monitoring.rwandafda.gov.rw/monitoring/documents-management/uploads/3/Human-Retail-Pharmacy-Duty-rosters/Retail_Pharmacies_Duty_Roster_in_Kigali_City_for_JULY-AUGUST-SEPTEMBER_2026.pdf","kigali July-September 2026 duty roster","0.233","0.215"
"ambiguous_or_unmatched","","PHARMAID LTD","KICUKIRO","Kigali City, KICUKIRO, GIKONDO, GIKONDO NYENYERI","250787610201","https://monitoring.rwandafda.gov.rw/monitoring/documents-management/uploads/3/Human-Retail-Pharmacy-Duty-rosters/Retail_Pharmacies_Duty_Roster_in_Kigali_City_for_JULY-AUGUST-SEPTEMBER_2026.pdf","kigali July-September 2026 duty roster","0.233","0.215"
"ambiguous_or_unmatched","","PILLARCARE PHARMACY LTD","GASABO","Kigali City, GASABO,REMERA,RUKIRI II,AMAHORO","250788827446","https://monitoring.rwandafda.gov.rw/monitoring/documents-management/uploads/3/Human-Retail-Pharmacy-Duty-rosters/Retail_Pharmacies_Duty_Roster_in_Kigali_City_for_JULY-AUGUST-SEPTEMBER_2026.pdf","kigali July-September 2026 duty roster","0.245","0.194"
"ambiguous_or_unmatched","","RITE PHARMACY LTD NYARUTARAMA BRANCH","GASABO","Kigali City, GASABO,REMERA,NYARUTARAMA,MUNSI YA GREENHILS","250788303127","https://monitoring.rwandafda.gov.rw/monitoring/documents-management/uploads/3/Human-Retail-Pharmacy-Duty-rosters/Retail_Pharmacies_Duty_Roster_in_Kigali_City_for_JULY-AUGUST-SEPTEMBER_2026.pdf","kigali July-September 2026 duty roster","0.807","0.753"
"ambiguous_or_unmatched","","SANAVITA PHARMACY LTD","NYARUGENGE","Kigali City, NYARUGENGE, GITEGA SECTOR, AKABEZA","250789648972","https://monitoring.rwandafda.gov.rw/monitoring/documents-management/uploads/3/Human-Retail-Pharmacy-Duty-rosters/Retail_Pharmacies_Duty_Roster_in_Kigali_City_for_JULY-AUGUST-SEPTEMBER_2026.pdf","kigali July-September 2026 duty roster","0.200","0.200"
"ambiguous_or_unmatched","","TECHNIPHARMA","GASABO","Kigali City, GASABO,KICUKIRO, KIGARAMA, NYARURAMA","250788528368","https://monitoring.rwandafda.gov.rw/monitoring/documents-management/uploads/3/Human-Retail-Pharmacy-Duty-rosters/Retail_Pharmacies_Duty_Roster_in_Kigali_City_for_JULY-AUGUST-SEPTEMBER_2026.pdf","kigali July-September 2026 duty roster","0.245","0.233"
"ambiguous_or_unmatched","","TREMIRO PHARMACY LTD","NYARUGENGE","Kigali City, KICUKIRO, NYARUGENGE,NYAMIRAMBO,KIVUGIZA,INTWARI","250783259296","https://monitoring.rwandafda.gov.rw/monitoring/documents-management/uploads/3/Human-Retail-Pharmacy-Duty-rosters/Retail_Pharmacies_Duty_Roster_in_Kigali_City_for_JULY-AUGUST-SEPTEMBER_2026.pdf","kigali July-September 2026 duty roster","0.250","0.215"
"ambiguous_or_unmatched","","UNIPHARMA BRANCH 1 (B1)","GASABO","Kigali City, GASABO, REMERA, RUKIRI I, KISIMENTI","250788300660","https://monitoring.rwandafda.gov.rw/monitoring/documents-management/uploads/3/Human-Retail-Pharmacy-Duty-rosters/Retail_Pharmacies_Duty_Roster_in_Kigali_City_for_JULY-AUGUST-SEPTEMBER_2026.pdf","kigali July-September 2026 duty roster","0.688","0.450"
"ambiguous_or_unmatched","","UNIPHARMA BRANCH 1 (B1)","GASABO","Kigali City, GASABO, REMERA, RUKIRI I, KISIMENTI","250788874827","https://monitoring.rwandafda.gov.rw/monitoring/documents-management/uploads/3/Human-Retail-Pharmacy-Duty-rosters/Retail_Pharmacies_Duty_Roster_in_Kigali_City_for_JULY-AUGUST-SEPTEMBER_2026.pdf","kigali July-September 2026 duty roster","0.688","0.450"
"ambiguous_or_unmatched","","UNIPHARMA BRANCH B2","GASABO","Kigali City, GASABO, KINYINYA, KAGUGU","250788251677","https://monitoring.rwandafda.gov.rw/monitoring/documents-management/uploads/3/Human-Retail-Pharmacy-Duty-rosters/Retail_Pharmacies_Duty_Roster_in_Kigali_City_for_JULY-AUGUST-SEPTEMBER_2026.pdf","kigali July-September 2026 duty roster","0.791","0.508"
"ambiguous_or_unmatched","","UNIPHARMA BRANCH B2","GASABO","Kigali City, GASABO, KINYINYA, KAGUGU","250788300660","https://monitoring.rwandafda.gov.rw/monitoring/documents-management/uploads/3/Human-Retail-Pharmacy-Duty-rosters/Retail_Pharmacies_Duty_Roster_in_Kigali_City_for_JULY-AUGUST-SEPTEMBER_2026.pdf","kigali July-September 2026 duty roster","0.791","0.508"
"ambiguous_or_unmatched","","UNIPHARMA BRANCH B4","KICUKIRO","Kigali City, KICUKIRO, KINYINYA, GACURIRO, NYARUTARAMA","250788774310","https://monitoring.rwandafda.gov.rw/monitoring/documents-management/uploads/3/Human-Retail-Pharmacy-Duty-rosters/Retail_Pharmacies_Duty_Roster_in_Kigali_City_for_JULY-AUGUST-SEPTEMBER_2026.pdf","kigali July-September 2026 duty roster","0.508","0.508"
"ambiguous_or_unmatched","","UNIPHARMA, BRANCH B3","KICUKIRO","Kigali City, KICUKIRO, KANOMBE, KABEZA, GIPOROSO","250788300660","https://monitoring.rwandafda.gov.rw/monitoring/documents-management/uploads/3/Human-Retail-Pharmacy-Duty-rosters/Retail_Pharmacies_Duty_Roster_in_Kigali_City_for_JULY-AUGUST-SEPTEMBER_2026.pdf","kigali July-September 2026 duty roster","0.791","0.508"
"ambiguous_or_unmatched","","UNIPHARMA, BRANCH B3","KICUKIRO","Kigali City, KICUKIRO, KANOMBE, KABEZA, GIPOROSO","250788565654","https://monitoring.rwandafda.gov.rw/monitoring/documents-management/uploads/3/Human-Retail-Pharmacy-Duty-rosters/Retail_Pharmacies_Duty_Roster_in_Kigali_City_for_JULY-AUGUST-SEPTEMBER_2026.pdf","kigali July-September 2026 duty roster","0.791","0.508"
"ambiguous_or_unmatched","","UNIPHARMA, MAIN BRANCH","NYARUGENGE","Kigali City, NYARUGENGE, NYARUGENGE, KIYOVU, ISANGANO","250788300660","https://monitoring.rwandafda.gov.rw/monitoring/documents-management/uploads/3/Human-Retail-Pharmacy-Duty-rosters/Retail_Pharmacies_Duty_Roster_in_Kigali_City_for_JULY-AUGUST-SEPTEMBER_2026.pdf","kigali July-September 2026 duty roster","0.535","0.387"
"ambiguous_or_unmatched","","VINE KACYIRU2","GASABO","Kigali City, GASABO, KACYIRU, IMBERE YA KING FAISAL HOSPITAL","250788523498","https://monitoring.rwandafda.gov.rw/monitoring/documents-management/uploads/3/Human-Retail-Pharmacy-Duty-rosters/Retail_Pharmacies_Duty_Roster_in_Kigali_City_for_JULY-AUGUST-SEPTEMBER_2026.pdf","kigali July-September 2026 duty roster","0.598","0.597"
"ambiguous_or_unmatched","","VINE PHARMACY/GACULIRO","GASABO","Kigali City, GASABO, KINYINYA, GACULIRO","250788523498","https://monitoring.rwandafda.gov.rw/monitoring/documents-management/uploads/3/Human-Retail-Pharmacy-Duty-rosters/Retail_Pharmacies_Duty_Roster_in_Kigali_City_for_JULY-AUGUST-SEPTEMBER_2026.pdf","kigali July-September 2026 duty roster","0.648","0.598"
"ambiguous_or_unmatched","","VISION MENIPHAR2 Ltd","GASABO","Kigali City, GASABO, KACYIRU, Kigali CityHEIGHTS BUILDING","250787070694","https://monitoring.rwandafda.gov.rw/monitoring/documents-management/uploads/3/Human-Retail-Pharmacy-Duty-rosters/Retail_Pharmacies_Duty_Roster_in_Kigali_City_for_JULY-AUGUST-SEPTEMBER_2026.pdf","kigali July-September 2026 duty roster","0.400","0.213"
"ambiguous_or_unmatched","","VISION MENIPHAR2 Ltd","GASABO","Kigali City, GASABO, KACYIRU, Kigali CityHEIGHTS BUILDING","250788307247","https://monitoring.rwandafda.gov.rw/monitoring/documents-management/uploads/3/Human-Retail-Pharmacy-Duty-rosters/Retail_Pharmacies_Duty_Roster_in_Kigali_City_for_JULY-AUGUST-SEPTEMBER_2026.pdf","kigali July-September 2026 duty roster","0.400","0.213"
"ambiguous_or_unmatched","","ZENITH PHARMACY","GASABO","Kigali City, GASABO, KIMIRONKO, IMBERE YA GEREZA YA KIMIRONKO","250788693480","https://monitoring.rwandafda.gov.rw/monitoring/documents-management/uploads/3/Human-Retail-Pharmacy-Duty-rosters/Retail_Pharmacies_Duty_Roster_in_Kigali_City_for_JULY-AUGUST-SEPTEMBER_2026.pdf","kigali July-September 2026 duty roster","0.162","0.162"
"ambiguous_or_unmatched","","ALFA VIVACE PHARMACY","MUHANGA","SOUTHERN,MUHANGA,NYAMABUYE,GAHOGO/MUHANGA VILLE","250789240335","https://monitoring.rwandafda.gov.rw/monitoring/documents-management/uploads/3/Human-Retail-Pharmacy-Duty-rosters/Retail_Pharmacies_Duty_Roster_in_Muhanga_District_JULY-AUGUST-SEPTEMBER_2026.pdf","muhanga July-September 2026 duty roster","0.629","0.204"
"ambiguous_or_unmatched","","LA PROVINDENCE PHARMACY Ltd","MUHANGA","SOUTHERN,MUHANGA,NYAMABUYE,GAHOGO/MUHANGA VILLE","250788503890","https://monitoring.rwandafda.gov.rw/monitoring/documents-management/uploads/3/Human-Retail-Pharmacy-Duty-rosters/Retail_Pharmacies_Duty_Roster_in_Muhanga_District_JULY-AUGUST-SEPTEMBER_2026.pdf","muhanga July-September 2026 duty roster","0.662","0.500"
"ambiguous_or_unmatched","","BONIPHARMA","MUSANZE","NORTH,MUSANZE,MUHOZA,MUSANZE VILLE","250785623223","https://monitoring.rwandafda.gov.rw/monitoring/documents-management/uploads/3/Human-Retail-Pharmacy-Duty-rosters/Retail_Pharmacies_Duty_Roster_in_Musanze_JULY-AUGUST-SEPTEMBER_2026.pdf","musanze July-September 2026 duty roster","0.221","0.194"
"ambiguous_or_unmatched","","HHS- ICYIZERE COMPANY Ltd","MUSANZE","NORTHERN,MUSANZE, MUHOZA,MPENGE,RUKORO","250788602681","https://monitoring.rwandafda.gov.rw/monitoring/documents-management/uploads/3/Human-Retail-Pharmacy-Duty-rosters/Retail_Pharmacies_Duty_Roster_in_Musanze_JULY-AUGUST-SEPTEMBER_2026.pdf","musanze July-September 2026 duty roster","0.146","0.131"
"ambiguous_or_unmatched","","MEDIASOL BRANCH MUSANZE","MUSANZE","NORTH,MUSANZE,MUHOZA, MUSANZE VILLE","250788307358","https://monitoring.rwandafda.gov.rw/monitoring/documents-management/uploads/3/Human-Retail-Pharmacy-Duty-rosters/Retail_Pharmacies_Duty_Roster_in_Musanze_JULY-AUGUST-SEPTEMBER_2026.pdf","musanze July-September 2026 duty roster","0.893","0.505"
"ambiguous_or_unmatched","","VISIBLE PHARMACY Ltd","MUSANZE","NORTH,MUSANZE,MUHOZA, MPENGE","250788971274","https://monitoring.rwandafda.gov.rw/monitoring/documents-management/uploads/3/Human-Retail-Pharmacy-Duty-rosters/Retail_Pharmacies_Duty_Roster_in_Musanze_JULY-AUGUST-SEPTEMBER_2026.pdf","musanze July-September 2026 duty roster","0.191","0.127"
"ambiguous_or_unmatched","","MEDIASOL PHARMACY","RUBAVU","WESTERN, RUBAVU,GISENYI","250788307358","https://monitoring.rwandafda.gov.rw/monitoring/documents-management/uploads/3/Human-Retail-Pharmacy-Duty-rosters/Retail_Pharmacies_Duty_Roster_in_Rubavu_for_JULY-AUGUST-SEPTEMBER_2026.pdf","rubavu July-September 2026 duty roster","0.677","0.187"
"ambiguous_or_unmatched","","PHARMACIE VINCA","RUBAVU","WESTERN, RUBAVU,GISENYI/AUBERGE-KOBIL","250788446311","https://monitoring.rwandafda.gov.rw/monitoring/documents-management/uploads/3/Human-Retail-Pharmacy-Duty-rosters/Retail_Pharmacies_Duty_Roster_in_Rubavu_for_JULY-AUGUST-SEPTEMBER_2026.pdf","rubavu July-September 2026 duty roster","0.628","0.210"
"ambiguous_or_unmatched","","FLADOPHAR PHARMACY Ltd","RUHANGO","SOUTHERN,RUHANGO,KINIHIRA,BUHANDA","250788377407","https://monitoring.rwandafda.gov.rw/monitoring/documents-management/uploads/3/Human-Retail-Pharmacy-Duty-rosters/Retail_Pharmacies_Duty_Roster_in_Ruhango_for_JULY-AUGUST-SEPTEMBER_2026.pdf","ruhango July-September 2026 duty roster","0.272","0.150"
"ambiguous_or_unmatched","","INITIATIVE PHARMA Ltd","RWAMAGANA","EASTERN,RWAMAGANA,KIGABIRO,CYANYA/RWAGAMANA","250783556149","https://monitoring.rwandafda.gov.rw/monitoring/documents-management/uploads/3/Human-Retail-Pharmacy-Duty-rosters/Retail_Pharmacies_Duty_Roster_in_Rwamagana_JULY-AUGUST-SEPTEMBER_2026.pdf","rwamagana July-September 2026 duty roster","0.514","0.124"
"ambiguous_or_unmatched","","MEDIGATE PHARMACY LTD","RWAMAGANA","EASTERN,RWAMAGANA,NYAGASAMBU","250782893234","https://monitoring.rwandafda.gov.rw/monitoring/documents-management/uploads/3/Human-Retail-Pharmacy-Duty-rosters/Retail_Pharmacies_Duty_Roster_in_Rwamagana_JULY-AUGUST-SEPTEMBER_2026.pdf","rwamagana July-September 2026 duty roster","0.267","0.150"
"ambiguous_or_unmatched","","THREAH PHARMACY","RWAMAGANA","EASTERN,RWAMAGANA,KIGABIRO,CYANYA/RWAGAMANA","250784691141","https://monitoring.rwandafda.gov.rw/monitoring/documents-management/uploads/3/Human-Retail-Pharmacy-Duty-rosters/Retail_Pharmacies_Duty_Roster_in_Rwamagana_JULY-AUGUST-SEPTEMBER_2026.pdf","rwamagana July-September 2026 duty roster","0.318","0.127"
"invalid_phone","","ALCRESTA PHARMACY","BUGESERA","EASTERN,BUGESERA,NYAMATA,NYAMATA/TOWN","078805085","https://monitoring.rwandafda.gov.rw/monitoring/documents-management/uploads/3/Human-Retail-Pharmacy-Duty-rosters/Retail_Pharmacies_Duty_Roster_in_Bugesera_District_JULY-AUGUST-SEPTEMBER_2026.pdf","bugesera page 1","",""
"invalid_phone","","ALCRESTA PHARMACY","BUGESERA","EASTERN,BUGESERA,NYAMATA,NYAMATA/TOWN","078805085","https://monitoring.rwandafda.gov.rw/monitoring/documents-management/uploads/3/Human-Retail-Pharmacy-Duty-rosters/Retail_Pharmacies_Duty_Roster_in_Bugesera_District_JULY-AUGUST-SEPTEMBER_2026.pdf","bugesera page 3","",""
"invalid_phone","","ALCRESTA PHARMACY","BUGESERA","EASTERN,BUGESERA,NYAMATA,NYAMATA/TOWN","078805085","https://monitoring.rwandafda.gov.rw/monitoring/documents-management/uploads/3/Human-Retail-Pharmacy-Duty-rosters/Retail_Pharmacies_Duty_Roster_in_Bugesera_District_JULY-AUGUST-SEPTEMBER_2026.pdf","bugesera page 4","",""
"invalid_phone","","ALCRESTA PHARMACY","BUGESERA","EASTERN,BUGESERA,NYAMATA,NYAMATA/TOWN","078805085","https://monitoring.rwandafda.gov.rw/monitoring/documents-management/uploads/3/Human-Retail-Pharmacy-Duty-rosters/Retail_Pharmacies_Duty_Roster_in_Bugesera_District_JULY-AUGUST-SEPTEMBER_2026.pdf","bugesera page 6","",""
"invalid_phone","","ALCRESTA PHARMACY","BUGESERA","EASTERN,BUGESERA,NYAMATA,NYAMATA/TOWN","078805085","https://monitoring.rwandafda.gov.rw/monitoring/documents-management/uploads/3/Human-Retail-Pharmacy-Duty-rosters/Retail_Pharmacies_Duty_Roster_in_Bugesera_District_JULY-AUGUST-SEPTEMBER_2026.pdf","bugesera page 8","",""
"invalid_phone","","ALCRESTA PHARMACY","BUGESERA","EASTERN,BUGESERA,NYAMATA,NYAMATA/TOWN","078805085","https://monitoring.rwandafda.gov.rw/monitoring/documents-management/uploads/3/Human-Retail-Pharmacy-Duty-rosters/Retail_Pharmacies_Duty_Roster_in_Bugesera_District_JULY-AUGUST-SEPTEMBER_2026.pdf","bugesera page 9","",""
"invalid_phone","","ALCRESTA PHARMACY","BUGESERA","EASTERN,BUGESERA,NYAMATA,NYAMATA/TOWN","078805085","https://monitoring.rwandafda.gov.rw/monitoring/documents-management/uploads/3/Human-Retail-Pharmacy-Duty-rosters/Retail_Pharmacies_Duty_Roster_in_Bugesera_District_JULY-AUGUST-SEPTEMBER_2026.pdf","bugesera page 11","",""
"invalid_phone","","ALCRESTA PHARMACY","BUGESERA","EASTERN,BUGESERA,NYAMATA,NYAMATA/TOWN","078805085","https://monitoring.rwandafda.gov.rw/monitoring/documents-management/uploads/3/Human-Retail-Pharmacy-Duty-rosters/Retail_Pharmacies_Duty_Roster_in_Bugesera_District_JULY-AUGUST-SEPTEMBER_2026.pdf","bugesera page 12","",""
"invalid_phone","","ALCRESTA PHARMACY","BUGESERA","EASTERN,BUGESERA,NYAMATA,NYAMATA/TOWN","078805085","https://monitoring.rwandafda.gov.rw/monitoring/documents-management/uploads/3/Human-Retail-Pharmacy-Duty-rosters/Retail_Pharmacies_Duty_Roster_in_Bugesera_District_JULY-AUGUST-SEPTEMBER_2026.pdf","bugesera page 14","",""
"invalid_phone","","ALCRESTA PHARMACY","BUGESERA","EASTERN,BUGESERA,NYAMATA,NYAMATA/TOWN","078805085","https://monitoring.rwandafda.gov.rw/monitoring/documents-management/uploads/3/Human-Retail-Pharmacy-Duty-rosters/Retail_Pharmacies_Duty_Roster_in_Bugesera_District_JULY-AUGUST-SEPTEMBER_2026.pdf","bugesera page 15","",""
"invalid_phone","","ALCRESTA PHARMACY","BUGESERA","EASTERN,BUGESERA,NYAMATA,NYAMATA/TOWN","078805085","https://monitoring.rwandafda.gov.rw/monitoring/documents-management/uploads/3/Human-Retail-Pharmacy-Duty-rosters/Retail_Pharmacies_Duty_Roster_in_Bugesera_District_JULY-AUGUST-SEPTEMBER_2026.pdf","bugesera page 16","",""
"invalid_phone","","ALCRESTA PHARMACY","BUGESERA","EASTERN,BUGESERA,NYAMATA,NYAMATA/TOWN","078805085","https://monitoring.rwandafda.gov.rw/monitoring/documents-management/uploads/3/Human-Retail-Pharmacy-Duty-rosters/Retail_Pharmacies_Duty_Roster_in_Bugesera_District_JULY-AUGUST-SEPTEMBER_2026.pdf","bugesera page 17","",""
"invalid_phone","","ALCRESTA PHARMACY","BUGESERA","EASTERN,BUGESERA,NYAMATA,NYAMATA/TOWN","078805085","https://monitoring.rwandafda.gov.rw/monitoring/documents-management/uploads/3/Human-Retail-Pharmacy-Duty-rosters/Retail_Pharmacies_Duty_Roster_in_Bugesera_District_JULY-AUGUST-SEPTEMBER_2026.pdf","bugesera page 17","",""
"invalid_phone","","ALCRESTA PHARMACY","BUGESERA","EASTERN,BUGESERA,NYAMATA,NYAMATA/TOWN","078805085","https://monitoring.rwandafda.gov.rw/monitoring/documents-management/uploads/3/Human-Retail-Pharmacy-Duty-rosters/Retail_Pharmacies_Duty_Roster_in_Bugesera_District_JULY-AUGUST-SEPTEMBER_2026.pdf","bugesera page 19","",""
"invalid_phone","","PHARMACIE UMURINZI LTD","KIGALI","Kigali City, GASABO, KINYINYA, KAGUGU","078855477","https://monitoring.rwandafda.gov.rw/monitoring/documents-management/uploads/3/Human-Retail-Pharmacy-Duty-rosters/Retail_Pharmacies_Duty_Roster_in_Kigali_City_for_JULY-AUGUST-SEPTEMBER_2026.pdf","kigali page 9","",""
"invalid_phone","","PHARMACIE UMURINZI LTD","KIGALI","Kigali City, GASABO, KINYINYA, KAGUGU","078855477","https://monitoring.rwandafda.gov.rw/monitoring/documents-management/uploads/3/Human-Retail-Pharmacy-Duty-rosters/Retail_Pharmacies_Duty_Roster_in_Kigali_City_for_JULY-AUGUST-SEPTEMBER_2026.pdf","kigali page 16","",""
